DATE,AMOUNT,DESCRIPTION,CATEGORY,CATEGORY GROUP,ACCOUNT,TO ACCOUNT,PROJECT,NOTES
"2026-10-07",-4.84,"Direct debit KERRS DAIRY 162224 10135836 2026-10-07","Groceries","Shopping","CA Nationwide","N/A","N/A",""
"2026-10-06",-6.94,"LBG SIGHTHILL NORTH","Lunch at Work","Business","NW Credit Card","N/A","N/A",""
"2026-10-06",-1.32,"Broderick Group LTD","Lunch at Work","Business","NW Credit Card","N/A","N/A",""
"2026-10-06",-57.33,"TESCO PFS 4020","Fuel","Transport","NW Credit Card","N/A","N/A",""
"2026-10-05",-19.99,"GOOGLE *YOUTUBE","Online services","Bills and utilities","NW Credit Card","N/A","N/A",""
"2026-10-05",-800,"To Savings","Savings","Transfers","ALISTAIR MACNAIR","N/A","N/A",""
"2026-10-05",-24.35,"Direct debit AVIVA 400250 81392549 2026-10-05","Household insurance","Bills and utilities","CA Nationwide","N/A","N/A",""
"2026-10-05",-163.91,"Direct debit OCTOPUS ENERGY 162224 10135836 2026-10-05","Utilities","Bills and utilities","CA Nationwide","N/A","N/A",""
"2026-10-05",-3.03,"LBG SIGHTHILL NORTH OXFORD","Lunch at Work","Business","NW Credit Card","N/A","N/A",""
"2026-10-04",-3.14,"GREENS OF BLAIRGOWRIE BLAIRGOWRIE","Groceries","Shopping","NW Credit Card","N/A","N/A",""
"2026-10-03",-1840.65,"To mortgage a/c MR A MACNAIR 73388659232 2026-10-03","Mortgages","Repayments","CA Nationwide","N/A","N/A",""
"2026-10-03",-9.9,"MARLEYS FAMILY RUN TAKEA BLAIRGOWRIE","Take Away","Entertainment","NW Credit Card","N/A","N/A",""
"2026-10-03",-8.72,"GREENS OF BLAIRGOWRIE BLAIRGOWRIE","Groceries","Shopping","NW Credit Card","N/A","N/A",""
"2026-10-02",-344.33,"Direct debit VWFS UK LIMITED 400250 11070959 2026-10-02","Car Loan","Transport","CA Nationwide","N/A","N/A",""
"2026-10-01",-2.99,"Garmin Europe Afp","General merchandise","Shopping","ALISTAIR MACNAIR","N/A","N/A",""
"2026-10-01",-164.5,"Gocardless","Ice Hockey","Entertainment","ALISTAIR MACNAIR","N/A","N/A",""
"2026-10-01",-32,"Direct debit VETSUCCESS LIMITED 560035 35557621 2026-10-01","Tanski","Gifts and giving","CA Nationwide","N/A","N/A",""
"2026-10-01",-232.6,"Direct debit PERTH&KINROSS CNCL 834700 11570174 2026-10-01","Council Tax","Bills and utilities","CA Nationwide","N/A","N/A",""
"2026-10-01",-11.99,"Amazon Music*NK6DV1CO4 amazon.co.uk","Online services","Bills and utilities","NW Credit Card","N/A","N/A",""
"2026-09-30",-4.99,"Garmin Europe Afp","General merchandise","Shopping","ALISTAIR MACNAIR","N/A","N/A",""
"2026-09-30",-4.84,"Direct debit KERRS DAIRY 162224 10135836 2026-09-30","Groceries","Shopping","CA Nationwide","N/A","N/A",""
"2026-09-30",-66.03,"Direct debit PAYPAL PAYMENT 609242 40317401 2026-09-30","Self","Entertainment","CA Nationwide","N/A","N/A",""
"2026-09-30",-93.58,"Direct debit EE LTD 404170 60030457 2026-09-30","TV & internet","Bills and utilities","CA Nationwide","N/A","N/A",""
"2026-09-30",-18,"Monthly Account Fee 2026-09-30","Service fees & bank charges","Bills and utilities","CA Nationwide","N/A","N/A",""
"2026-09-30",-70.02,"TESCO PFS 4020 EDINBURGH 3","Fuel","Transport","NW Credit Card","N/A","N/A",""
"2026-09-30",-8.21,"LBG SIGHTHILL NORTH OXFORD","Lunch at Work","Business","NW Credit Card","N/A","N/A",""
"2026-09-29",-1.27,"Broderick Group LTD Manchester","Lunch at Work","Business","NW Credit Card","N/A","N/A",""
"2026-09-29",-1.1,"LBG SIGHTHILL NORTH OXFORD","Lunch at Work","Business","NW Credit Card","N/A","N/A",""
"2026-09-29",-6.94,"LBG SIGHTHILL NORTH OXFORD","Lunch at Work","Business","NW Credit Card","N/A","N/A",""
"2026-09-29",-4.4,"LBG SIGHTHILL NORTH OXFORD","Lunch at Work","Business","NW Credit Card","N/A","N/A",""
"2026-09-28",-54,"Direct debit EE LIMITED 400250 41254987 2026-09-28","Telephone & mobile","Bills and utilities","CA Nationwide","N/A","N/A",""
"2026-09-28",-18.99,"Netflix.com Los Gatos","Online services","Bills and utilities","NW Credit Card","N/A","N/A",""
"2026-09-26",-6.98,"GREENS OF BLAIRGOWRIE BLAIRGOWRIE","Groceries","Shopping","NW Credit Card","N/A","N/A",""
"2026-09-26",-64.55,"SKY TV 03442 414141","TV & internet","Bills and utilities","NW Credit Card","N/A","N/A",""
"2026-09-25",-10.19,"AMZNMktplace*NU8136RE4 amazon.co.uk","Self","Entertainment","NW Credit Card","N/A","N/A",""
"2026-09-23",-4.84,"Direct debit KERRS DAIRY 162224 10135836 2026-09-23","Groceries","Shopping","CA Nationwide","N/A","N/A",""
"2026-09-22",-49.6,"TESCO PFS 4020 EDINBURGH 3","Fuel","Transport","NW Credit Card","N/A","N/A",""
"2026-09-22",-3.03,"LBG SIGHTHILL NORTH OXFORD","Lunch at Work","Business","NW Credit Card","N/A","N/A",""
"2026-09-21",-250,"ALISTAIR MACNAIR","Transfers","Transfers","CA BoS ","N/A","N/A",""
"2026-09-21",-1.27,"Broderick Group LTD Manchester","Lunch at Work","Business","NW Credit Card","N/A","N/A",""
"2026-09-21",-0.99,"Broderick Group LTD Manchester","Lunch at Work","Business","NW Credit Card","N/A","N/A",""
"2026-09-21",-6.94,"LBG SIGHTHILL NORTH OXFORD","Lunch at Work","Business","NW Credit Card","N/A","N/A",""
"2026-09-21",250,"Payment from A Macnair","Transfers","Transfers","ALISTAIR MACNAIR","N/A","N/A",""
"2026-09-20",-2.5,"PAYPAL_*LEISURE CULT DUNDEE","Ice Hockey","Entertainment","NW Credit Card","N/A","N/A",""
"2026-09-19",-13,"Payment to DIRECT SHINE 090129 30008102 2026-09-19 33 JAMIESON WAY","Home maintenance","Household","CA Nationwide","N/A","N/A",""
"2026-09-18",4060,"Bank credit A MacNair 2026-09-18 NATIONWIDE","Transfers","Transfers","CA Nationwide","N/A","N/A",""
"2026-09-18",-921.84,"Payment to SELECT CREDIT CARD 073012 00001604 2026-09-18 489396******2001","Credit card payments","Transfers","CA Nationwide","N/A","N/A",""
"2026-09-18",-4060,"ALISTAIR MACNAIR 100000001826821814","Transfers","Transfers","CA BoS ","N/A","N/A",""
"2026-09-18",4174.01,"LLOYDS BANK PLC 80034278","Salary","Income","CA BoS ","N/A","N/A",""
"2026-09-18",141.85,"EQUINITI SIP SALE 04361075","Salary","Income","CA BoS ","N/A","N/A",""
"2026-09-18",921.84,"PAYMENT RECEIVED -- THANK YOU","Credit card payments","Transfers","NW Credit Card","N/A","N/A",""
"2026-09-16",-4.84,"Direct debit KERRS DAIRY 162224 10135836 2026-09-16","Groceries","Shopping","CA Nationwide","N/A","N/A",""
"2026-09-16",-19.28,"Direct debit PAYPAL PAYMENT 609242 40317401 2026-09-16","Online services","Bills and utilities","CA Nationwide","N/A","N/A",""
"2026-09-16",-1440,"Payment to MARK WATSON 831633 00166397 2026-09-16 ALISTAIR MACNAIR","Garden","Household","CA Nationwide","N/A","N/A",""
"2026-09-15",1440,"Bank credit MRS J R MACNAIR 2026-09-15 FENCE","Garden","Household","CA Nationwide","N/A","N/A","Garden fence money from june "
"2026-09-15",-13.95,"ALYTH FISH BAR BLAIRGOWRIE","Take Away","Entertainment","NW Credit Card","N/A","N/A",""
"2026-09-14",15.72,"Bank credit CREDIT BAL REFUNDS 2026-09-14 CREDIT BAL REFUND","Service fees & bank charges","Bills and utilities","CA Nationwide","N/A","N/A",""
"2026-09-14",-18.4,"Musteat Chipshop Perth","Take Away","Entertainment","NW Credit Card","N/A","N/A",""
"2026-09-14",-6.94,"LBG SIGHTHILL NORTH OXFORD","Lunch at Work","Business","NW Credit Card","N/A","N/A",""
"2026-09-13",-6.5,"PAYPAL_*LEISURE CULT DUNDEE","Ice Hockey","Entertainment","NW Credit Card","N/A","N/A",""
"2026-09-12",-53.73,"B & Q 1223 DUNDEE","Garden","Household","NW Credit Card","N/A","N/A",""
"2026-09-11",-9.9,"MARLEYS FAMILY RUN TAKEA BLAIRGOWRIE","Take Away","Entertainment","NW Credit Card","N/A","N/A",""
"2026-09-09",-4.84,"Direct debit KERRS DAIRY 162224 10135836 2026-09-09","Groceries","Shopping","CA Nationwide","N/A","N/A",""
"2026-09-09",-84.99,"Direct debit PAYPAL PAYMENT 609242 40317401 2026-09-09","Online services","Bills and utilities","CA Nationwide","N/A","N/A",""
"2026-09-09",-44.44,"SP HANDSOME DANS CRAIGAVON","Clothing & shoes","Household","NW Credit Card","N/A","N/A",""
"2026-09-08",-2.37,"LBG SIGHTHILL NORTH OXFORD","Lunch at Work","Business","NW Credit Card","N/A","N/A",""
"2026-09-08",-6.94,"LBG SIGHTHILL NORTH OXFORD","Lunch at Work","Business","NW Credit Card","N/A","N/A",""
"2026-09-07",-19.99,"GOOGLE *YOUTUBE 8888888888","Online services","Bills and utilities","NW Credit Card","N/A","N/A",""
"2026-09-07",-1.32,"Broderick Group LTD Manchester","Lunch at Work","Business","NW Credit Card","N/A","N/A",""
"2026-09-07",-1.27,"Broderick Group LTD Manchester","Lunch at Work","Business","NW Credit Card","N/A","N/A",""
"2026-09-07",-6.98,"LBG SIGHTHILL NORTH OXFORD","Lunch at Work","Business","NW Credit Card","N/A","N/A",""
"2026-09-05",-3.6,"POST OFFICE COUNTER BLAIRGOWRIE","June","Gifts and giving","NW Credit Card","N/A","N/A",""
"2026-09-05",-62.75,"TESCO PFS 4117 BLAIRGOWRIE","Fuel","Transport","NW Credit Card","N/A","N/A",""
"2026-09-05",-12.9,"MARLEYS FAMILY RUN TAKEA BLAIRGOWRIE","Take Away","Entertainment","NW Credit Card","N/A","N/A",""
"2026-09-05",-31.98,"DAVIDSONS CHEMIST ALYTH","Healthcare","Health","NW Credit Card","N/A","N/A",""
"2026-09-05",-1.89,"GREENS OF BLAIRGOWRIE BLAIRGOWRIE","Groceries","Shopping","NW Credit Card","N/A","N/A",""
"2026-09-05",-10.85,"GREENS OF BLAIRGOWRIE BLAIRGOWRIE","Groceries","Shopping","NW Credit Card","N/A","N/A",""
"2026-09-05",-6.5,"ZETTLE_*LEISURE CULT DUNDEE","Ice Hockey","Entertainment","NW Credit Card","N/A","N/A",""
"2026-09-03",-1840.65,"To mortgage a/c MR A MACNAIR 73388659232 2026-09-03","Mortgages","Repayments","CA Nationwide","N/A","N/A",""
"2026-09-03",-4.84,"Direct debit KERRS DAIRY 162224 10135836 2026-09-03","Groceries","Shopping","CA Nationwide","N/A","N/A",""
"2026-09-03",-24.35,"Direct debit AVIVA 400250 81392549 2026-09-03","Household insurance","Bills and utilities","CA Nationwide","N/A","N/A",""
"2026-09-03",-163.91,"Direct debit OCTOPUS ENERGY 162224 10135836 2026-09-03","Utilities","Bills and utilities","CA Nationwide","N/A","N/A",""
"2026-09-03",-700,"Payment to SELECT CREDIT CARD 073012 00001604 2026-09-03 489396******2001","Credit card payments","Transfers","CA Nationwide","N/A","N/A",""
"2026-09-03",700,"PAYMENT RECEIVED -- THANK YOU","Credit card payments","Transfers","NW Credit Card","N/A","N/A",""
"2026-09-02",-344.33,"Direct debit VWFS UK LIMITED 400250 11070959 2026-09-02","Car Loan","Transport","CA Nationwide","N/A","N/A",""
"2026-09-02",-0.99,"Broderick Group LTD Manchester","Lunch at Work","Business","NW Credit Card","N/A","N/A",""
"2026-09-02",-2.26,"Broderick Group LTD Manchester","Lunch at Work","Business","NW Credit Card","N/A","N/A",""
"2026-09-02",-8.21,"LBG SIGHTHILL NORTH OXFORD","Lunch at Work","Business","NW Credit Card","N/A","N/A",""
"2026-09-02",-6.2,"CO-OP GROUP FOOD BLAIRGOWRIE","Groceries","Shopping","NW Credit Card","N/A","N/A",""
"2026-09-01",-164.5,"Gocardless","Ice Hockey","Entertainment","ALISTAIR MACNAIR","N/A","N/A",""
"2026-09-01",-32,"Direct debit VETSUCCESS LIMITED 560035 35557621 2026-09-01","Tanski","Gifts and giving","CA Nationwide","N/A","N/A",""
"2026-09-01",-93.58,"Direct debit EE LTD 404170 60030457 2026-09-01","TV & internet","Bills and utilities","CA Nationwide","N/A","N/A",""
"2026-09-01",-232.6,"Direct debit PERTH&KINROSS CNCL 834700 11570174 2026-09-01","Council Tax","Bills and utilities","CA Nationwide","N/A","N/A",""
"2026-09-01",-11.99,"Amazon Music*NJ2YO3K44 amazon.co.uk","Online services","Bills and utilities","NW Credit Card","N/A","N/A",""
"2026-09-01",-1.1,"Excel Vending Ltd Glasgow","Lunch at Work","Business","NW Credit Card","N/A","N/A",""
"2026-09-01",-1.15,"Excel Vending Ltd Glasgow","Lunch at Work","Business","NW Credit Card","N/A","N/A",""
"2026-09-01",-4.6,"EDINBURGH TRAMS LIMITED EDINBURGH","Train","Business","NW Credit Card","N/A","N/A",""
"2026-08-31",-18,"Monthly Account Fee 2026-08-31","Service fees & bank charges","Bills and utilities","CA Nationwide","N/A","N/A",""
"2026-08-31",-78.3,"BABUJEE CHP DUNDEE","Eating out","Entertainment","NW Credit Card","N/A","N/A",""
"2026-08-30",-21.99,"Amazon.co.uk*NJ0ZR7VI4 AMAZON.CO.UK","Tanski","Gifts and giving","NW Credit Card","N/A","N/A",""
"2026-08-29",-52.95,"AMZNMktplace*NJ4NG3AY4 amazon.co.uk","Tanski","Gifts and giving","NW Credit Card","N/A","N/A",""
"2026-08-28",-54,"Direct debit EE LIMITED 400250 41254987 2026-08-28","Telephone & mobile","Bills and utilities","CA Nationwide","N/A","N/A",""
"2026-08-28",-18.99,"Netflix London","Online services","Bills and utilities","NW Credit Card","N/A","N/A",""
"2026-08-26",-4.84,"Direct debit KERRS DAIRY 162224 10135836 2026-08-26","Groceries","Shopping","CA Nationwide","N/A","N/A",""
"2026-08-26",-50,"Direct debit PAYPAL PAYMENT 609242 40317401 2026-08-26","Gambling","Entertainment","CA Nationwide","N/A","N/A",""
"2026-08-26",-64.55,"SKY TV 03442 414141","TV & internet","Bills and utilities","NW Credit Card","N/A","N/A",""
"2026-08-25",-6.94,"LBG SIGHTHILL NORTH OXFORD","Lunch at Work","Business","NW Credit Card","N/A","N/A",""
"2026-08-25",-748.88,"MCCONECHYS SIGHTHILL SIGHTHILL","Car running costs","Transport","NW Credit Card","N/A","N/A",""
"2026-08-24",-1,"NYX*Tesco Edinburgh","Car running costs","Transport","NW Credit Card","N/A","N/A",""
"2026-08-24",-6.94,"LBG SIGHTHILL NORTH OXFORD","Lunch at Work","Business","NW Credit Card","N/A","N/A",""
"2026-08-23",-30.43,"AMZNMktplace*2U9LF3VP5 amazon.co.uk","General merchandise","Shopping","NW Credit Card","N/A","N/A",""
"2026-08-23",-4.98,"Amazon.co.uk*5X91Q6355 AMAZON.CO.UK","Groceries","Shopping","NW Credit Card","N/A","N/A",""
"2026-08-23",-57.94,"TESCO PFS 4117 BLAIRGOWRIE","Fuel","Transport","NW Credit Card","N/A","N/A",""
"2026-08-21",-250,"ALISTAIR MACNAIR","Transfers","Transfers","CA BoS ","N/A","N/A",""
"2026-08-21",-180.75,"Payment to JUNE MACNAIR 089286 01419522 2026-08-21 ALISTAIR MACNAIR","Other household expenses","Bills and utilities","CA Nationwide","N/A","N/A",""
"2026-08-21",-168.25,"JOHN LEWIS ONLINE LONDON","Other household expenses","Bills and utilities","NW Credit Card","N/A","N/A",""
"2026-08-21",250,"Payment from A Macnair","Transfers","Transfers","ALISTAIR MACNAIR","N/A","N/A",""
"2026-08-20",4507.43,"LLOYDS BANK PLC 80087580","Salary","Income","CA BoS ","N/A","N/A",""
"2026-08-20",4260,"Bank credit A MacNair 2026-08-20 NATIONWIDE","Transfers","Transfers","CA Nationwide","N/A","N/A",""
"2026-08-20",-558.88,"Payment to SELECT CREDIT CARD 073012 00001604 2026-08-20 489396******2001","Credit card payments","Transfers","CA Nationwide","N/A","N/A",""
"2026-08-20",-4260,"ALISTAIR MACNAIR 300000001824364331","Transfers","Transfers","CA BoS ","N/A","N/A",""
"2026-08-20",558.88,"PAYMENT RECEIVED -- THANK YOU","Credit card payments","Transfers","NW Credit Card","N/A","N/A",""
"2026-08-19",-4.84,"Direct debit KERRS DAIRY 162224 10135836 2026-08-19","Groceries","Shopping","CA Nationwide","N/A","N/A",""
"2026-08-19",-13,"Payment to DIRECT SHINE 090129 30008102 2026-08-19 33 JAMIESON WAY","Home maintenance","Household","CA Nationwide","N/A","N/A",""
"2026-08-18",-19.28,"Direct debit PAYPAL PAYMENT 609242 40317401 2026-08-18","Online services","Bills and utilities","CA Nationwide","N/A","N/A",""
"2026-08-18",-7.86,"Transfer to ALISTAIR MACNAIR ALISTAIR MACNAIR via Payit by NatWest 621970 00000000 2026-08-18 90001123945ACTCN","Transfers","Transfers","CA Nationwide","N/A","N/A",""
"2026-08-17",-2,"TESCO STORES 2907 MONTROSE","Groceries","Shopping","NW Credit Card","N/A","N/A",""
"2026-08-15",-40,"ATM Withdrawal LINK 2026-08-15","Take Away","Entertainment","CA Nationwide","N/A","N/A",""
"2026-08-15",-16.85,"TESCO STORES 5134 BLAIRGOWRIE","Mum Dad","Gifts and giving","NW Credit Card","N/A","N/A",""
"2026-08-14",-10.19,"SPAR LUNCARTY","Groceries","Shopping","NW Credit Card","N/A","N/A",""
"2026-08-12",-4.84,"Direct debit KERRS DAIRY 162224 10135836 2026-08-12","Groceries","Shopping","CA Nationwide","N/A","N/A",""
"2026-08-11",-58.85,"BLAIRGOWRIE F/S BLAIRGOWRIE","Fuel","Transport","NW Credit Card","N/A","N/A",""
"2026-08-08",-20,"ATM Withdrawal LINK 2026-08-08","Take Away","Entertainment","CA Nationwide","N/A","N/A",""
"2026-08-07",-189.99,"MCCONECHY'S TYRE SERVICESWWW.HALFORDS.","Car running costs","Transport","NW Credit Card","N/A","N/A",""
"2026-08-07",-2.79,"WH Smith Ninewe Dundee","Groceries","Shopping","NW Credit Card","N/A","N/A",""
"2026-08-05",-4.84,"Direct debit KERRS DAIRY 162224 10135836 2026-08-05","Groceries","Shopping","CA Nationwide","N/A","N/A",""
"2026-08-05",-181.25,"HASTINGS INSURANCE 0333 321 9801","Household insurance","Bills and utilities","NW Credit Card","N/A","N/A",""
"2026-08-05",-19.99,"Google YouTube London","Online services","Bills and utilities","NW Credit Card","N/A","N/A",""
"2026-08-03",-164.5,"Gocardless","Ice Hockey","Entertainment","ALISTAIR MACNAIR","N/A","N/A",""
"2026-08-03",-1840.65,"To mortgage a/c MR A MACNAIR 73388659232 2026-08-03","Mortgages","Repayments","CA Nationwide","N/A","N/A",""
"2026-08-03",-24.35,"Direct debit AVIVA 400250 81392549 2026-08-03","Household insurance","Bills and utilities","CA Nationwide","N/A","N/A",""
"2026-08-03",-32,"Direct debit VETSUCCESS LIMITED 560035 35557621 2026-08-03","Tanski","Gifts and giving","CA Nationwide","N/A","N/A",""
"2026-08-03",-39.86,"Direct debit NATIONWIDE HOMEINS 400250 81344102 2026-08-03","Household insurance","Bills and utilities","CA Nationwide","N/A","N/A",""
"2026-08-03",-163.91,"Direct debit OCTOPUS ENERGY 162224 10135836 2026-08-03","Utilities","Bills and utilities","CA Nationwide","N/A","N/A",""
"2026-08-03",-232.6,"Direct debit PERTH&KINROSS CNCL 834700 11570174 2026-08-03","Council Tax","Bills and utilities","CA Nationwide","N/A","N/A",""
"2026-08-03",-344.33,"Direct debit VWFS UK LIMITED 400250 11070959 2026-08-03","Car Loan","Transport","CA Nationwide","N/A","N/A",""
"2026-08-03",500,"Transfer from 071310 89031505 2026-08-03","Transfers","Transfers","CA Nationwide","N/A","N/A",""
"2026-08-03",-24.99,"Google Play Apps London","Online services","Bills and utilities","NW Credit Card","N/A","N/A",""
"2026-08-01",-432.49,"Payment to SELECT CREDIT CARD 073012 00001604 2026-08-01 489396******2001","Credit card payments","Transfers","CA Nationwide","N/A","N/A",""
"2026-08-01",-40,"ATM Withdrawal LINK 2026-08-01","Take Away","Entertainment","CA Nationwide","N/A","N/A",""
"2026-08-01",432.49,"PAYMENT RECEIVED -- THANK YOU","Credit card payments","Transfers","NW Credit Card","N/A","N/A",""
"2026-08-01",-11.99,"Amazon Music*EY5I039F5 amazon.co.uk","Online services","Bills and utilities","NW Credit Card","N/A","N/A",""
"2026-08-01",-39.99,"Google Play Apps London","Online services","Bills and utilities","NW Credit Card","N/A","N/A",""
"2026-07-31",-18,"Monthly Account Fee 2026-07-31","Service fees & bank charges","Bills and utilities","CA Nationwide","N/A","N/A",""
"2026-07-30",-93.58,"Direct debit EE LTD 404170 60030457 2026-07-30","TV & internet","Bills and utilities","CA Nationwide","N/A","N/A",""
"2026-07-30",-99.99,"Techtronic Industries UK Marlow","Garden","Household","NW Credit Card","N/A","N/A",""
"2026-07-29",-4.84,"Direct debit KERRS DAIRY 162224 10135836 2026-07-29","Groceries","Shopping","CA Nationwide","N/A","N/A",""
"2026-07-28",-54,"Direct debit EE LIMITED 400250 41254987 2026-07-28","Telephone & mobile","Bills and utilities","CA Nationwide","N/A","N/A",""
"2026-07-28",-18.99,"Netflix.com Los Gatos","Online services","Bills and utilities","NW Credit Card","N/A","N/A",""
"2026-07-26",-64.55,"SKY TV 03442 414141","TV & internet","Bills and utilities","NW Credit Card","N/A","N/A",""
"2026-07-24",-17.99,"AMZNMktplace*U466E0US5 amazon.co.uk","Home improvement","Household","NW Credit Card","N/A","N/A",""
"2026-07-24",-45.98,"Amazon.co.uk*FU5N10WV5 AMAZON.CO.UK","Golf","Entertainment","NW Credit Card","N/A","N/A",""
"2026-07-24",-2,"THE ALYTH GOLF CLUB BLAIRGOWRIE P","Golf","Entertainment","NW Credit Card","N/A","N/A",""
"2026-07-23",-18.15,"ALYTH FISH BAR BLAIRGOWRIE","Take Away","Entertainment","NW Credit Card","N/A","N/A",""
"2026-07-22",-4.84,"Direct debit KERRS DAIRY 162224 10135836 2026-07-22","Groceries","Shopping","CA Nationwide","N/A","N/A",""
"2026-07-22",-13,"Payment to DIRECT SHINE 090129 30008102 2026-07-22 33 JAMIESON WAY","Home maintenance","Household","CA Nationwide","N/A","N/A",""
"2026-07-21",-250,"ALISTAIR MACNAIR","Transfers","Transfers","CA BoS ","N/A","N/A",""
"2026-07-21",-3.03,"GOOGLE *TV 8888888888","Online services","Bills and utilities","NW Credit Card","N/A","N/A",""
"2026-07-21",250,"Payment from A Macnair","Transfers","Transfers","ALISTAIR MACNAIR","N/A","N/A",""
"2026-07-20",4174.01,"LLOYDS BANK PLC 80114486","Salary","Income","CA BoS ","N/A","N/A",""
"2026-07-20",-3930,"ALISTAIR MACNAIR 100000001793699238","Transfers","Transfers","CA BoS ","N/A","N/A",""
"2026-07-20",3930,"Bank credit A MacNair 2026-07-20 NATIONWIDE","Transfers","Transfers","CA Nationwide","N/A","N/A",""
"2026-07-20",-738.16,"Transfer to 071310 89031505 2026-07-20","Savings","Transfers","CA Nationwide","N/A","N/A",""
"2026-07-20",-738.16,"Payment to SELECT CREDIT CARD 073012 00001604 2026-07-20 489396******2001","Credit card payments","Transfers","CA Nationwide","N/A","N/A",""
"2026-07-20",238.16,"Transfer from 071310 89031505 2026-07-20","Transfers","Transfers","CA Nationwide","N/A","N/A",""
"2026-07-20",738.16,"PAYMENT RECEIVED -- THANK YOU","Credit card payments","Transfers","NW Credit Card","N/A","N/A",""
"2026-07-18",-13.99,"AMZNMktplace*508U61L65 amazon.co.uk","Home improvement","Household","NW Credit Card","N/A","N/A",""
"2026-07-18",-25.68,"AMZNMktplace*GH03L4Q25 amazon.co.uk","Home improvement","Household","NW Credit Card","N/A","N/A",""
"2026-07-18",-5.14,"GREENS OF BLAIRGOWRIE BLAIRGOWRIE","Groceries","Shopping","NW Credit Card","N/A","N/A",""
"2026-07-17",-34,"DUNDEESTARS.COM DUNDEE","Ice Hockey","Entertainment","NW Credit Card","N/A","N/A",""
"2026-07-17",-34,"DUNDEESTARS.COM DUNDEE","Ice Hockey","Entertainment","NW Credit Card","N/A","N/A",""
"2026-07-17",-34,"DUNDEESTARS.COM DUNDEE","Ice Hockey","Entertainment","NW Credit Card","N/A","N/A",""
"2026-07-17",-15,"THE ALYTH GOLF CLUB BLAIRGOWRIE P","Golf","Entertainment","NW Credit Card","N/A","N/A",""
"2026-07-16",-19.28,"Direct debit PAYPAL PAYMENT 609242 40317401 2026-07-16","Online services","Bills and utilities","CA Nationwide","N/A","N/A",""
"2026-07-15",-4.84,"Direct debit KERRS DAIRY 162224 10135836 2026-07-15","Groceries","Shopping","CA Nationwide","N/A","N/A",""
"2026-07-12",-13.3,"DINES* PERTHRC BONNIEJ PERTH","Eating out","Entertainment","NW Credit Card","N/A","N/A",""
"2026-07-12",-16,"Paddock Chips Glasgow","Eating out","Entertainment","NW Credit Card","N/A","N/A",""
"2026-07-11",-10.44,"B & Q 1361 PERTH","Home improvement","Household","NW Credit Card","N/A","N/A",""
"2026-07-10",-21.58,"AMZNMktplace*VI34W7NX5 amazon.co.uk","Home improvement","Household","NW Credit Card","N/A","N/A",""
"2026-07-08",-4.84,"Direct debit KERRS DAIRY 162224 10135836 2026-07-08","Groceries","Shopping","CA Nationwide","N/A","N/A",""
"2026-07-08",-44.43,"Direct debit PAYPAL PAYMENT 609242 40317401 2026-07-08","Garden","Household","CA Nationwide","N/A","N/A",""
"2026-07-08",-25.99,"AMZNMktplace*PB9ML7L85 amazon.co.uk","Home improvement","Household","NW Credit Card","N/A","N/A",""
"2026-07-08",-2,"THE ALYTH GOLF CLUB BLAIRGOWRIE","Golf","Entertainment","NW Credit Card","N/A","N/A",""
"2026-07-08",-2,"THE ALYTH GOLF CLUB BLAIRGOWRIE","Golf","Entertainment","NW Credit Card","N/A","N/A",""
"2026-07-08",-2,"THE ALYTH GOLF CLUB BLAIRGOWRIE","Golf","Entertainment","NW Credit Card","N/A","N/A",""
"2026-07-07",-8.08,"Direct debit NATWEST BANK PLC 605050 84114967 2026-07-07","Car running costs","Transport","CA Nationwide","N/A","N/A",""
"2026-07-07",-16.04,"AMZNMktplace*EZ1ED7OJ5 amazon.co.uk","Home improvement","Household","NW Credit Card","N/A","N/A",""
"2026-07-07",-43.54,"TRAVIS PERKINS TRADING BLAIRGOWRIE","Garden","Household","NW Credit Card","N/A","N/A",""
"2026-07-06",-9.88,"AMZNMktplace*TB9UV8AR5 amazon.co.uk","General merchandise","Shopping","NW Credit Card","N/A","N/A",""
"2026-07-05",-19.99,"Google YouTube London","Online services","Bills and utilities","NW Credit Card","N/A","N/A",""
"2026-07-04",-6.6,"BAYNES THE FAMILY BAKERS PERTH","Groceries","Shopping","NW Credit Card","N/A","N/A",""
"2026-07-04",-59.67,"ASDA PETROL/UPT 4960 PERTH","Fuel","Transport","NW Credit Card","N/A","N/A",""
"2026-07-03",-1840.65,"To mortgage a/c MR A MACNAIR 73388659232 2026-07-03","Mortgages","Repayments","CA Nationwide","N/A","N/A",""
"2026-07-03",-24.35,"Direct debit AVIVA 400250 81392549 2026-07-03","Household insurance","Bills and utilities","CA Nationwide","N/A","N/A",""
"2026-07-03",-39.94,"Direct debit NATIONWIDE HOMEINS 400250 81344102 2026-07-03","Household insurance","Bills and utilities","CA Nationwide","N/A","N/A",""
"2026-07-03",-163.91,"Direct debit OCTOPUS ENERGY 162224 10135836 2026-07-03","Utilities","Bills and utilities","CA Nationwide","N/A","N/A",""
"2026-07-03",-17.12,"Transfer to ALISTAIR N MACNAIR ALISTAIR MACNAIR via Payit by NatWest 621970 00000000 2026-07-03 90001123945ACTCN","Transfers","Transfers","CA Nationwide","N/A","N/A",""
"2026-07-03",2000,"Bank credit MRS J R MACNAIR 2026-07-03 ISA","Transfers","Transfers","CA Nationwide","N/A","N/A",""
"2026-07-03",-2000,"Transfer to ALISTAIR N MACNAIR Trading 212 via TrueLayer 600001 48805769 2026-07-03 212TO84TK212T","Transfers","Transfers","CA Nationwide","N/A","N/A",""
"2026-07-02",781.13,"Balance migration to another region or legal entity","Transfers","Transfers","ALISTAIR MACNAIR","N/A","N/A",""
"2026-07-02",-781.13,"Balance migration to another region or legal entity","Transfers","Transfers","ALISTAIR MACNAIR","N/A","N/A",""
"2026-07-02",-344.33,"Direct debit VWFS UK LIMITED 400250 11070959 2026-07-02","Car Loan","Transport","CA Nationwide","N/A","N/A",""
"2026-07-01",-164.5,"Gocardless","Ice Hockey","Entertainment","ALISTAIR MACNAIR","N/A","N/A",""
"2026-07-01",-4.84,"Direct debit KERRS DAIRY 162224 10135836 2026-07-01","Groceries","Shopping","CA Nationwide","N/A","N/A",""
"2026-07-01",-32,"Direct debit VETSUCCESS LIMITED 560035 35557621 2026-07-01","Tanski","Gifts and giving","CA Nationwide","N/A","N/A",""
"2026-07-01",-232.6,"Direct debit PERTH&KINROSS CNCL 834700 11570174 2026-07-01","Council Tax","Bills and utilities","CA Nationwide","N/A","N/A",""
"2026-07-01",-19.99,"AMZNMktplace*YA44077Q5 amazon.co.uk","General merchandise","Shopping","NW Credit Card","N/A","N/A",""
"2026-07-01",-69.99,"Audible UK adbl.co/pymt","Online services","Bills and utilities","NW Credit Card","N/A","N/A",""
"2026-07-01",-11.99,"Amazon Music*7U3307Q25 amazon.co.uk","Online services","Bills and utilities","NW Credit Card","N/A","N/A",""
"2026-06-30",-93.58,"Direct debit EE LTD 404170 60030457 2026-06-30","TV & internet","Bills and utilities","CA Nationwide","N/A","N/A",""
"2026-06-30",-18,"Monthly Account Fee 2026-06-30","Service fees & bank charges","Bills and utilities","CA Nationwide","N/A","N/A",""
"2026-06-30",-4.7,"SCOTMID COOP 0246 COUPAR ANGUS","Groceries","Shopping","NW Credit Card","N/A","N/A",""
"2026-06-30",-6.94,"LBG SIGHTHILL NORTH OXFORD","Lunch at Work","Business","NW Credit Card","N/A","N/A",""
"2026-06-29",-54,"Direct debit EE LIMITED 400250 41254987 2026-06-29","Telephone & mobile","Bills and utilities","CA Nationwide","N/A","N/A",""
"2026-06-29",-7,"Amazon.co.uk*MH78522H5 AMAZON.CO.UK","Garden","Household","NW Credit Card","N/A","N/A",""
"2026-06-29",-7.11,"LBG SIGHTHILL NORTH OXFORD","Lunch at Work","Business","NW Credit Card","N/A","N/A",""
"2026-06-28",-83.27,"AMZNMktplace*FL9LG3P85 amazon.co.uk","Garden","Household","NW Credit Card","N/A","N/A",""
"2026-06-28",-18.99,"Netflix London","Online services","Bills and utilities","NW Credit Card","N/A","N/A",""
"2026-06-27",-18.99,"AMZNMktplace*GK2OO4U75 amazon.co.uk","Garden","Household","NW Credit Card","N/A","N/A",""
"2026-06-27",-20,"ATM Withdrawal LINK 2026-06-27","Take Away","Entertainment","CA Nationwide","N/A","N/A",""
"2026-06-27",-29.08,"SPORTEGA.CO BRNO","General merchandise","Shopping","NW Credit Card","N/A","N/A",""
"2026-06-26",-68.35,"Direct debit PAYPAL PAYMENT 609242 40317401 2026-06-26","Garden","Household","CA Nationwide","N/A","N/A",""
"2026-06-26",-64.55,"SKY TV 03442 414141","TV & internet","Bills and utilities","NW Credit Card","N/A","N/A",""
"2026-06-25",-25.49,"AMAZON* 1C8FQ2ZM5 LONDON","General merchandise","Shopping","NW Credit Card","N/A","N/A",""
"2026-06-25",107.82,"Bank credit PAYPAL 2026-06-25 PPWDL5HFJ2225ZJGTC","Gambling","Entertainment","CA Nationwide","N/A","N/A",""
"2026-06-25",-13,"Payment to DIRECT SHINE 090129 30008102 2026-06-25 33 JAMIESON WAY","Home maintenance","Household","CA Nationwide","N/A","N/A",""
"2026-06-24",-4.84,"Direct debit KERRS DAIRY 162224 10135836 2026-06-24","Groceries","Shopping","CA Nationwide","N/A","N/A",""
"2026-06-24",-12,"Direct debit PAYPAL PAYMENT 609242 40317401 2026-06-24","Garden","Household","CA Nationwide","N/A","N/A",""
"2026-06-24",-13,"Payment to DIRECT SHINE 090129 30008102 2026-06-24 33 JAMIESON WAY","Home maintenance","Household","CA Nationwide","N/A","N/A",""
"2026-06-24",-4.77,"LBG SIGHTHILL NORTH OXFORD","Lunch at Work","Business","NW Credit Card","N/A","N/A",""
"2026-06-24",-7.11,"LBG SIGHTHILL NORTH OXFORD","Lunch at Work","Business","NW Credit Card","N/A","N/A",""
"2026-06-23",-50,"Direct debit PAYPAL PAYMENT 609242 40317401 2026-06-23","Gambling","Entertainment","CA Nationwide","N/A","N/A",""
"2026-06-23",-1.1,"Broderick Group LTD Manchester","Lunch at Work","Business","NW Credit Card","N/A","N/A",""
"2026-06-23",-6.11,"LBG SIGHTHILL NORTH OXFORD","Lunch at Work","Business","NW Credit Card","N/A","N/A",""
"2026-06-22",-250,"ALISTAIR MACNAIR","Transfers","Transfers","CA BoS ","N/A","N/A",""
"2026-06-22",250,"Payment from A Macnair","Transfers","Transfers","ALISTAIR MACNAIR","N/A","N/A",""
"2026-06-20",-40,"ATM Withdrawal LINK 2026-06-20","Take Away","Entertainment","CA Nationwide","N/A","N/A",""
"2026-06-20",-15.75,"TESCO STORES 5134 BLAIRGOWRIE","Mum Dad","Gifts and giving","NW Credit Card","N/A","N/A",""
"2026-06-20",-54.22,"ASDA PETROL/UPT 4960 PERTH","Fuel","Transport","NW Credit Card","N/A","N/A",""
"2026-06-20",-2,"THE ALYTH GOLF CLUB BLAIRGOWRIE","Golf","Entertainment","NW Credit Card","N/A","N/A",""
"2026-06-19",4174,"LLOYDS BANK PLC 80022538","Salary","Income","CA BoS ","N/A","N/A",""
"2026-06-19",3920,"Bank credit A MacNair 2026-06-19 NATIONWIDE","Transfers","Transfers","CA Nationwide","N/A","N/A",""
"2026-06-19",-825.23,"Payment to SELECT CREDIT CARD 073012 00001604 2026-06-19 489396******2001","Credit card payments","Transfers","CA Nationwide","N/A","N/A",""
"2026-06-19",-3920,"ALISTAIR MACNAIR 600000001786189760","Transfers","Transfers","CA BoS ","N/A","N/A",""
"2026-06-19",825.23,"PAYMENT RECEIVED -- THANK YOU","Credit card payments","Transfers","NW Credit Card","N/A","N/A",""
"2026-06-18",-29.98,"AMAZON* 4Y7EC9BV5 LONDON","Work Expenses","Business","NW Credit Card","N/A","N/A",""
"2026-06-17",-4.84,"Direct debit KERRS DAIRY 162224 10135836 2026-06-17","Groceries","Shopping","CA Nationwide","N/A","N/A",""
"2026-06-17",-19.28,"Direct debit PAYPAL PAYMENT 609242 40317401 2026-06-17","Online services","Bills and utilities","CA Nationwide","N/A","N/A",""
"2026-06-16",-8.5,"Contactless Payment EDINBURGH AIRPORT 2026-06-16","Travel","Transport","CA Nationwide","N/A","N/A",""
"2026-06-16",-5.5,"LBG SIGHTHILL NORTH OXFORD","Lunch at Work","Business","NW Credit Card","N/A","N/A",""
"2026-06-16",-7.11,"LBG SIGHTHILL NORTH OXFORD","Lunch at Work","Business","NW Credit Card","N/A","N/A",""
"2026-06-15",-20.42,"Payment to BARRY HORSBURGH 404766 90428655 2026-06-15 ALLY - CHINESE","Lunch at Work","Business","CA Nationwide","N/A","N/A",""
"2026-06-15",-58.22,"TESCO PAY AT PUMP 4020 EDINBURGH 3","Fuel","Transport","NW Credit Card","N/A","N/A",""
"2026-06-15",-1.32,"Broderick Group LTD Manchester","Lunch at Work","Business","NW Credit Card","N/A","N/A",""
"2026-06-15",-1.1,"Broderick Group LTD Manchester","Lunch at Work","Business","NW Credit Card","N/A","N/A",""
"2026-06-13",-8.24,"GREENS OF BLAIRGOWRIE BLAIRGOWRIE","Groceries","Shopping","NW Credit Card","N/A","N/A",""
"2026-06-13",-1.2,"CO-OP GROUP FOOD BLAIRGOWRIE","Groceries","Shopping","NW Credit Card","N/A","N/A",""
"2026-06-12",-15.65,"ALYTH FISH BAR BLAIRGOWRIE","Take Away","Entertainment","NW Credit Card","N/A","N/A",""
"2026-06-11",-290,"Payment to SAINSBURYS CLASSIC 621970 00000000 2026-06-11 512687******6343","Car running costs","Transport","CA Nationwide","N/A","N/A",""
"2026-06-10",-4.84,"Direct debit KERRS DAIRY 162224 10135836 2026-06-10","Groceries","Shopping","CA Nationwide","N/A","N/A",""
"2026-06-10",100,"Nationwide Fairer Share Payment 2026-06-10","Service fees & bank charges","Bills and utilities","CA Nationwide","N/A","N/A",""
"2026-06-10",-35.7,"JG *SCOTTISH ACTION FO LONDON","Charitable giving","Gifts and giving","NW Credit Card","N/A","N/A",""
"2026-06-09",-25.2,"TESCO STORES 5769 LOTHIAN","Tanski","Gifts and giving","NW Credit Card","N/A","N/A",""
"2026-06-09",-1.32,"Broderick Group LTD Manchester","Lunch at Work","Business","NW Credit Card","N/A","N/A",""
"2026-06-09",-7.11,"LBG SIGHTHILL NORTH OXFORD","Lunch at Work","Business","NW Credit Card","N/A","N/A",""
"2026-06-08",-49.63,"AMAZON* NL97B5ZP4 LONDON","Garden","Household","NW Credit Card","N/A","N/A",""
"2026-06-08",-6.89,"Direct Debit - First Payment NATWEST BANK PLC 605050 84114967 2026-06-08","Car running costs","Transport","CA Nationwide","N/A","N/A",""
"2026-06-08",500,"Transfer from 071310 89031505 2026-06-08","Transfers","Transfers","CA Nationwide","N/A","N/A",""
"2026-06-08",-1.05,"Excel Vending Ltd Glasgow","Lunch at Work","Business","NW Credit Card","N/A","N/A",""
"2026-06-08",-1.1,"Excel Vending Ltd Glasgow","Lunch at Work","Business","NW Credit Card","N/A","N/A",""
"2026-06-08",-57.32,"TESCO PFS 4020 EDINBURGH 3","Fuel","Transport","NW Credit Card","N/A","N/A",""
"2026-06-08",-4.3,"LBG SIGHTHILL NORTH OXFORD","Lunch at Work","Business","NW Credit Card","N/A","N/A",""
"2026-06-07",-12.4,"CO-OP GROUP FOOD BLAIRGOWRIE","Groceries","Shopping","NW Credit Card","N/A","N/A",""
"2026-06-06",62.2,"Bank credit MRS J R MACNAIR 2026-06-06 SAND","Garden","Household","CA Nationwide","N/A","N/A",""
"2026-06-06",-8.34,"JAMES EWART LIMITED BLAIRGOWRIE","Groceries","Shopping","NW Credit Card","N/A","N/A",""
"2026-06-06",-6.29,"GREENS OF BLAIRGOWRIE BLAIRGOWRIE","Groceries","Shopping","NW Credit Card","N/A","N/A",""
"2026-06-05",-62.2,"Payment to JUNE MACNAIR 089286 01419522 2026-06-05 ALISTAIR MACNAIR","Garden","Household","CA Nationwide","N/A","N/A",""
"2026-06-05",-19.99,"Google YouTube London","Online services","Bills and utilities","NW Credit Card","N/A","N/A",""
"2026-06-03",-1840.65,"To mortgage a/c MR A MACNAIR 73388659232 2026-06-03","Mortgages","Repayments","CA Nationwide","N/A","N/A",""
"2026-06-03",-4.84,"Direct debit KERRS DAIRY 162224 10135836 2026-06-03","Groceries","Shopping","CA Nationwide","N/A","N/A",""
"2026-06-03",-24.35,"Direct debit AVIVA 400250 81392549 2026-06-03","Household insurance","Bills and utilities","CA Nationwide","N/A","N/A",""
"2026-06-03",-39.94,"Direct debit NATIONWIDE HOMEINS 400250 81344102 2026-06-03","Household insurance","Bills and utilities","CA Nationwide","N/A","N/A",""
"2026-06-03",-163.91,"Direct debit OCTOPUS ENERGY 162224 10135836 2026-06-03","Utilities","Bills and utilities","CA Nationwide","N/A","N/A",""
"2026-06-02",-344.33,"Direct debit VWFS UK LIMITED 400250 11070959 2026-06-02","Car Loan","Transport","CA Nationwide","N/A","N/A",""
"2026-06-02",-3.99,"AMAZON* N38CG24B4 LONDON","General merchandise","Shopping","NW Credit Card","N/A","N/A",""
"2026-06-02",-0.99,"Broderick Group LTD Manchester","Lunch at Work","Business","NW Credit Card","N/A","N/A",""
"2026-06-02",-1.27,"Broderick Group LTD Manchester","Lunch at Work","Business","NW Credit Card","N/A","N/A",""
"2026-06-02",-7.11,"LBG SIGHTHILL NORTH OXFORD","Lunch at Work","Business","NW Credit Card","N/A","N/A",""
"2026-06-01",-164.5,"Gocardless","Ice Hockey","Entertainment","ALISTAIR MACNAIR","N/A","N/A",""
"2026-06-01",-32,"Direct debit VETSUCCESS LIMITED 560035 35557621 2026-06-01","Tanski","Gifts and giving","CA Nationwide","N/A","N/A",""
"2026-06-01",-93.58,"Direct debit EE LTD 404170 60030457 2026-06-01","TV & internet","Bills and utilities","CA Nationwide","N/A","N/A",""
"2026-06-01",-232.6,"Direct debit PERTH&KINROSS CNCL 834700 11570174 2026-06-01","Council Tax","Bills and utilities","CA Nationwide","N/A","N/A",""
"2026-06-01",-11.99,"Amazon Music*NQ0P77YT4 amazon.co.uk","Online services","Bills and utilities","NW Credit Card","N/A","N/A",""
"2026-06-01",-52.22,"TESCO PAY AT PUMP 4020 EDINBURGH 3","Fuel","Transport","NW Credit Card","N/A","N/A",""
"2026-06-01",-8.27,"LBG SIGHTHILL NORTH OXFORD","Lunch at Work","Business","NW Credit Card","N/A","N/A",""
"2026-06-01",-1.32,"Broderick Group LTD Manchester","Lunch at Work","Business","NW Credit Card","N/A","N/A",""
"2026-05-31",-18,"Monthly Account Fee 2026-05-31","Service fees & bank charges","Bills and utilities","CA Nationwide","N/A","N/A",""
"2026-05-30",-40,"ATM Withdrawal LINK 2026-05-30","Take Away","Entertainment","CA Nationwide","N/A","N/A",""
"2026-05-30",-2.98,"PREMIER KIRRIEMUIR KIRRIEMUIR","Groceries","Shopping","NW Credit Card","N/A","N/A",""
"2026-05-29",-164.5,"Gocardless","Ice Hockey","Entertainment","ALISTAIR MACNAIR","N/A","N/A",""
"2026-05-28",-4.84,"Direct debit KERRS DAIRY 162224 10135836 2026-05-28","Groceries","Shopping","CA Nationwide","N/A","N/A",""
"2026-05-28",-19.98,"Direct debit PAYPAL PAYMENT 609242 40317401 2026-05-28","Online services","Bills and utilities","CA Nationwide","N/A","N/A",""
"2026-05-28",-53,"Direct debit EE LIMITED 400250 41254987 2026-05-28","Telephone & mobile","Bills and utilities","CA Nationwide","N/A","N/A",""
"2026-05-28",-13,"Payment to DIRECT SHINE 090129 30008102 2026-05-28 33 JAMIESON WAY","Home maintenance","Household","CA Nationwide","N/A","N/A",""
"2026-05-28",-18.99,"Netflix London","Online services","Bills and utilities","NW Credit Card","N/A","N/A",""
"2026-05-27",-54.99,"AMAZON UK* NQ82H7OL4 LONDON","June","Gifts and giving","NW Credit Card","N/A","N/A",""
"2026-05-27",-1.25,"Excel Vending Ltd Glasgow","Lunch at Work","Business","NW Credit Card","N/A","N/A",""
"2026-05-27",-1.1,"Excel Vending Ltd Glasgow","Online services","Bills and utilities","NW Credit Card","N/A","N/A",""
"2026-05-27",-59.94,"TESCO PAY AT PUMP 4020 EDINBURGH 3","Fuel","Transport","NW Credit Card","N/A","N/A",""
"2026-05-27",-11.6,"TESCO STORES 5769 LOTHIAN","Groceries","Shopping","NW Credit Card","N/A","N/A",""
"2026-05-27",-7.85,"LBG SIGHTHILL NORTH OXFORD","Lunch at Work","Business","NW Credit Card","N/A","N/A",""
"2026-05-27",-4.4,"LBG SIGHTHILL NORTH OXFORD","Lunch at Work","Business","NW Credit Card","N/A","N/A",""
"2026-05-26",-5.99,"AMZNMktplace*NQ7887CZ4 amazon.co.uk","Garden","Household","NW Credit Card","N/A","N/A",""
"2026-05-26",-16.13,"AMZNMktplace*NO6AO2RP4 amazon.co.uk","Garden","Household","NW Credit Card","N/A","N/A",""
"2026-05-26",-2.85,"TESCO STORES 5769 LOTHIAN","Groceries","Shopping","NW Credit Card","N/A","N/A",""
"2026-05-26",-66.48,"PRESTIG*EFLOWERS HALIFAX","June","Gifts and giving","NW Credit Card","N/A","N/A",""
"2026-05-26",-6.45,"LBG SIGHTHILL NORTH OXFORD","Lunch at Work","Business","NW Credit Card","N/A","N/A",""
"2026-05-26",-64.55,"SKY TV 03442 414141","TV & internet","Bills and utilities","NW Credit Card","N/A","N/A",""
"2026-05-24",-9.48,"FUNKY PIGEON BRISTOL","June","Gifts and giving","NW Credit Card","N/A","N/A",""
"2026-05-24",-26.98,"B & Q 1223 DUNDEE","Home improvement","Household","NW Credit Card","N/A","N/A",""
"2026-05-23",-40,"ATM Withdrawal LINK 2026-05-23","Take Away","Entertainment","CA Nationwide","N/A","N/A",""
"2026-05-22",-20.49,"AMZNMktplace*NO70I5114 amazon.co.uk","June","Gifts and giving","NW Credit Card","N/A","N/A",""
"2026-05-22",-27.48,"Amazon.co.uk*NO7HQ0GH4 AMAZON.CO.UK","June","Gifts and giving","NW Credit Card","N/A","N/A",""
"2026-05-21",-250,"ALISTAIR MACNAIR","Transfers","Transfers","CA BoS ","N/A","N/A",""
"2026-05-21",-199.87,"Payment to SELECT CREDIT CARD 073012 00001604 2026-05-21 489396******2001","Credit card payments","Transfers","CA Nationwide","N/A","N/A",""
"2026-05-21",199.87,"PAYMENT RECEIVED -- THANK YOU","Credit card payments","Transfers","NW Credit Card","N/A","N/A",""
"2026-05-21",250,"Payment from A Macnair","Transfers","Transfers","ALISTAIR MACNAIR","N/A","N/A",""
"2026-05-20",4174.01,"LLOYDS BANK PLC 80070413","Salary","Income","CA BoS ","N/A","N/A",""
"2026-05-20",-4.84,"Direct debit KERRS DAIRY 162224 10135836 2026-05-20","Groceries","Shopping","CA Nationwide","N/A","N/A",""
"2026-05-20",-11.9,"Direct debit PAYPAL PAYMENT 609242 40317401 2026-05-20","Online services","Bills and utilities","CA Nationwide","N/A","N/A",""
"2026-05-20",3925,"Bank credit A MacNair 2026-05-20 NATIONWIDE","Transfers","Transfers","CA Nationwide","N/A","N/A",""
"2026-05-20",-711.54,"Payment to SELECT CREDIT CARD 073012 00001604 2026-05-20 489396******2001","Credit card payments","Transfers","CA Nationwide","N/A","N/A",""
"2026-05-20",-3925,"ALISTAIR MACNAIR 300000001772847839","Transfers","Transfers","CA BoS ","N/A","N/A",""
"2026-05-20",-85,"Payment to HOME HEATING SERVI 874401 00034673 2026-05-20 INV 12697 JOB 2704","Home maintenance","Household","CA Nationwide","N/A","N/A",""
"2026-05-20",711.54,"PAYMENT RECEIVED -- THANK YOU","Credit card payments","Transfers","NW Credit Card","N/A","N/A",""
"2026-05-19",-0.99,"Broderick Group LTD Manchester","Lunch at Work","Business","NW Credit Card","N/A","N/A",""
"2026-05-19",-134.98,"AMZNMktplace*NA93V4UC4 amazon.co.uk","June","Gifts and giving","NW Credit Card","N/A","N/A",""
"2026-05-19",-56.16,"TESCO PFS 4020 EDINBURGH 3","Fuel","Transport","NW Credit Card","N/A","N/A",""
"2026-05-19",-7.74,"LBG SIGHTHILL NORTH OXFORD","Lunch at Work","Business","NW Credit Card","N/A","N/A",""
"2026-05-18",224.49,"Bank credit PAYPAL 2026-05-16 PPWDL5HFJ2226Z5N3S","Gambling","Entertainment","CA Nationwide","N/A","N/A",""
"2026-05-18",-19.28,"Direct debit PAYPAL PAYMENT 609242 40317401 2026-05-18","Online services","Bills and utilities","CA Nationwide","N/A","N/A",""
"2026-05-18",-28.41,"SP THE HAPPY LAWN CO LOUGHBOROUGH","Garden","Household","NW Credit Card","N/A","N/A",""
"2026-05-18",-0.99,"Broderick Group LTD Manchester","Lunch at Work","Business","NW Credit Card","N/A","N/A",""
"2026-05-18",-1.05,"Broderick Group LTD Manchester","Lunch at Work","Business","NW Credit Card","N/A","N/A",""
"2026-05-18",-5.86,"LBG SIGHTHILL NORTH OXFORD","Lunch at Work","Business","NW Credit Card","N/A","N/A",""
"2026-05-17",-198.65,"B & Q 1223 DUNDEE","Garden","Household","NW Credit Card","N/A","N/A",""
"2026-05-16",-30,"ATM Withdrawal LINK 2026-05-16","Take Away","Entertainment","CA Nationwide","N/A","N/A",""
"2026-05-16",-6.45,"BAYNES FAMILY BAKERS PERTH","Eating out","Entertainment","NW Credit Card","N/A","N/A",""
"2026-05-16",-11.85,"SP ALLFORKIDS.UK CENTRAL","Joey","Gifts and giving","NW Credit Card","N/A","N/A",""
"2026-05-15",-21.98,"BARAK3.COM LONDON","Garden","Household","NW Credit Card","N/A","N/A",""
"2026-05-15",-2,"CHANGE.ORG* PETITION CHANGE.ORG CA","Charitable giving","Gifts and giving","NW Credit Card","N/A","N/A",""
"2026-05-14",-58.31,"TESCO PAYAT PUMP 4166 DUNDEE","Fuel","Transport","NW Credit Card","N/A","N/A",""
"2026-05-13",-4.84,"Direct debit KERRS DAIRY 162224 10135836 2026-05-13","Groceries","Shopping","CA Nationwide","N/A","N/A",""
"2026-05-13",-50,"Direct debit PAYPAL PAYMENT 609242 40317401 2026-05-13","Gambling","Entertainment","CA Nationwide","N/A","N/A",""
"2026-05-12",-22.85,"AMZNMktplace*NH5JM0DN4 amazon.co.uk","June","Gifts and giving","NW Credit Card","N/A","N/A",""
"2026-05-12",-1.76,"Broderick Group LTD Manchester","Lunch at Work","Business","NW Credit Card","N/A","N/A",""
"2026-05-12",-7.27,"LBG SIGHTHILL NORTH OXFORD","Lunch at Work","Business","NW Credit Card","N/A","N/A",""
"2026-05-12",-2.09,"LBG SIGHTHILL NORTH OXFORD","Lunch at Work","Business","NW Credit Card","N/A","N/A",""
"2026-05-11",-1.05,"Broderick Group LTD Manchester","Lunch at Work","Business","NW Credit Card","N/A","N/A",""
"2026-05-11",-11.9,"JG *HUNTINGTONS DISEAS LONDON","Charitable giving","Gifts and giving","NW Credit Card","N/A","N/A",""
"2026-05-11",-4.19,"LBG SIGHTHILL NORTH OXFORD","Lunch at Work","Business","NW Credit Card","N/A","N/A",""
"2026-05-11",-22.88,"B & Q 1350 EDINBURGH","Garden","Household","NW Credit Card","N/A","N/A",""
"2026-05-09",-20,"ATM Withdrawal LINK 2026-05-09","Take Away","Entertainment","CA Nationwide","N/A","N/A",""
"2026-05-08",-28.56,"Google Play Apps London","Online services","Bills and utilities","NW Credit Card","N/A","N/A",""
"2026-05-07",-4.84,"Direct debit KERRS DAIRY 162224 10135836 2026-05-07","Groceries","Shopping","CA Nationwide","N/A","N/A",""
"2026-05-07",-135,"Direct debit PAYPAL PAYMENT 609242 40317401 2026-05-07","Online services","Bills and utilities","CA Nationwide","N/A","N/A",""
"2026-05-07",-1.3,"CO-OP GROUP FOOD BLAIRGOWRIE","Groceries","Shopping","NW Credit Card","N/A","N/A",""
"2026-05-06",-57.13,"TESCO PFS 4020 EDINBURGH 3","Fuel","Transport","NW Credit Card","N/A","N/A",""
"2026-05-06",-8.73,"LBG SIGHTHILL NORTH OXFORD","Lunch at Work","Business","NW Credit Card","N/A","N/A",""
"2026-05-06",-12.95,"B & Q 1350 EDINBURGH","Garden","Household","NW Credit Card","N/A","N/A",""
"2026-05-05",-24.35,"Direct debit AVIVA 400250 81392549 2026-05-05","Household insurance","Bills and utilities","CA Nationwide","N/A","N/A",""
"2026-05-05",-39.94,"Direct debit NATIONWIDE HOMEINS 400250 81344102 2026-05-05","Household insurance","Bills and utilities","CA Nationwide","N/A","N/A",""
"2026-05-05",-163.91,"Direct debit OCTOPUS ENERGY 162224 10135836 2026-05-05","Utilities","Bills and utilities","CA Nationwide","N/A","N/A",""
"2026-05-05",-344.33,"Direct debit VWFS UK LIMITED 400250 11070959 2026-05-05","Car Loan","Transport","CA Nationwide","N/A","N/A",""
"2026-05-05",-140,"ATM Withdrawal LINK 2026-05-05","Car running costs","Transport","CA Nationwide","N/A","N/A",""
"2026-05-05",-5,"6932 - FOUNTAIN PARK - EDEDINBURGH","Parking","Business","NW Credit Card","N/A","N/A",""
"2026-05-05",-6.94,"LBG CITYMARK EDINBURGH","Lunch at Work","Business","NW Credit Card","N/A","N/A",""
"2026-05-05",-19.99,"Google YouTube London","Online services","Bills and utilities","NW Credit Card","N/A","N/A",""
"2026-05-04",-1840.65,"To mortgage a/c MR A MACNAIR 73388659232 2026-05-03","Mortgages","Repayments","CA Nationwide","N/A","N/A",""
"2026-05-04",-70,"Boma hide limited Glamis","Entertainment","Entertainment","NW Credit Card","N/A","N/A",""
"2026-05-02",-40,"ATM Withdrawal LINK 2026-05-02","Take Away","Entertainment","CA Nationwide","N/A","N/A",""
"2026-05-02",-7.71,"Google Play Apps London","Online services","Bills and utilities","NW Credit Card","N/A","N/A",""
"2026-05-02",-4.2,"CO-OP GROUP FOOD BLAIRGOWRIE","Groceries","Shopping","NW Credit Card","N/A","N/A",""
"2026-05-01",-32,"Direct debit VETSUCCESS LIMITED 560035 35557621 2026-05-01","Tanski","Gifts and giving","CA Nationwide","N/A","N/A",""
"2026-05-01",-232.6,"Direct debit PERTH&KINROSS CNCL 834700 11570174 2026-05-01","Council Tax","Bills and utilities","CA Nationwide","N/A","N/A",""
"2026-05-01",-455.03,"Payment to SELECT CREDIT CARD 073012 00001604 2026-05-01 489396******2001","Credit card payments","Transfers","CA Nationwide","N/A","N/A",""
"2026-05-01",455.03,"PAYMENT RECEIVED -- THANK YOU","Credit card payments","Transfers","NW Credit Card","N/A","N/A",""
"2026-05-01",-11.99,"Amazon Music*NN21G7R14 amazon.co.uk","Online services","Bills and utilities","NW Credit Card","N/A","N/A",""
"2026-05-01",-2.4,"CO-OP GROUP FOOD BLAIRGOWRIE","Groceries","Shopping","NW Credit Card","N/A","N/A",""
"2026-04-30",-97.13,"Direct debit EE LTD 404170 60030457 2026-04-30","TV & internet","Bills and utilities","CA Nationwide","N/A","N/A",""
"2026-04-30",-18,"Monthly Account Fee 2026-04-30","Service fees & bank charges","Bills and utilities","CA Nationwide","N/A","N/A",""
"2026-04-30",-45.26,"TESCO PFS 4020 EDINBURGH 3","Fuel","Transport","NW Credit Card","N/A","N/A",""
"2026-04-30",-7.1,"SumUp *Hanks Sandwich Edinburgh","Lunch at Work","Business","NW Credit Card","N/A","N/A",""
"2026-04-30",-5,"6932 - FOUNTAIN PARK - EDEDINBURGH","Parking","Business","NW Credit Card","N/A","N/A",""
"2026-04-30",-7.74,"LBG CITYMARK EDINBURGH","Lunch at Work","Business","NW Credit Card","N/A","N/A",""
"2026-04-29",-4.84,"Direct debit KERRS DAIRY 162224 10135836 2026-04-29","Groceries","Shopping","CA Nationwide","N/A","N/A",""
"2026-04-29",-9.45,"MARLEYS FAMILY RUN TAKEA BLAIRGOWRIE","Take Away","Entertainment","NW Credit Card","N/A","N/A",""
"2026-04-28",-54.94,"Direct debit EE LIMITED 400250 41254987 2026-04-28","Telephone & mobile","Bills and utilities","CA Nationwide","N/A","N/A",""
"2026-04-28",-13,"Payment to DIRECT SHINE 090129 30008102 2026-04-28 33 JAMIESON WAY","Home maintenance","Household","CA Nationwide","N/A","N/A",""
"2026-04-28",-18.99,"Netflix.com Los Gatos","Online services","Bills and utilities","NW Credit Card","N/A","N/A",""
"2026-04-27",-21.99,"AMZNMktplace*NN9TZ0N24 amazon.co.uk","General merchandise","Shopping","NW Credit Card","N/A","N/A",""
"2026-04-27",-7.1,"SumUp *Hanks Sandwich Edinburgh","Lunch at Work","Business","NW Credit Card","N/A","N/A",""
"2026-04-27",-6.94,"LBG CITYMARK EDINBURGH","Lunch at Work","Business","NW Credit Card","N/A","N/A",""
"2026-04-27",-5,"6932 - FOUNTAIN PARK - EDEDINBURGH","Parking","Business","NW Credit Card","N/A","N/A",""
"2026-04-26",-30,"TICKETSOURCE 0333 666 4466","Ice Hockey","Entertainment","NW Credit Card","N/A","N/A",""
"2026-04-26",-16,"SumUp *SIH ICE HOCK Kirkcaldy","Ice Hockey","Entertainment","NW Credit Card","N/A","N/A",""
"2026-04-26",-3.5,"ZETTLE_*LEISURE CULT DUNDEE","Ice Hockey","Entertainment","NW Credit Card","N/A","N/A",""
"2026-04-26",-64.55,"SKY TV 03442 414141","TV & internet","Bills and utilities","NW Credit Card","N/A","N/A",""
"2026-04-25",-11.5,"Amazon.co.uk*NZ0WV7YO4 AMAZON.CO.UK","Garden","Household","NW Credit Card","N/A","N/A",""
"2026-04-25",-58.41,"TESCO PFS 4117 BLAIRGOWRIE","Fuel","Transport","NW Credit Card","N/A","N/A",""
"2026-04-23",-17.45,"ALYTH FISH BAR BLAIRGOWRIE","Take Away","Entertainment","NW Credit Card","N/A","N/A",""
"2026-04-23",-3,"CO-OP GROUP FOOD BLAIRGOWRIE","Groceries","Shopping","NW Credit Card","N/A","N/A",""
"2026-04-22",-4.84,"Direct debit KERRS DAIRY 162224 10135836 2026-04-22","Groceries","Shopping","CA Nationwide","N/A","N/A",""
"2026-04-22",-21.99,"AMZNMktplace*NZ0VX1HJ4 amazon.co.uk","General merchandise","Shopping","NW Credit Card","N/A","N/A",""
"2026-04-22",-5.7,"CO-OP GROUP FOOD BLAIRGOWRIE","Groceries","Shopping","NW Credit Card","N/A","N/A",""
"2026-04-21",-250,"ALISTAIR MACNAIR","Transfers","Transfers","CA BoS ","N/A","N/A",""
"2026-04-21",-7.2,"CO-OP GROUP FOOD BLAIRGOWRIE","Groceries","Shopping","NW Credit Card","N/A","N/A",""
"2026-04-21",-24.95,"SG*V*www.blossomup.co Santa Fe NM","Online services","Bills and utilities","NW Credit Card","N/A","N/A",""
"2026-04-21",250,"Payment from A Macnair","Transfers","Transfers","ALISTAIR MACNAIR","N/A","N/A",""
"2026-04-20",-8.99,"AMZNMktplace*NZ4QP24A4 amazon.co.uk","General merchandise","Shopping","NW Credit Card","N/A","N/A",""
"2026-04-20",4256.18,"LLOYDS BANK PLC 80111727","Salary","Income","CA BoS ","N/A","N/A",""
"2026-04-20",4000,"Bank credit A MacNair 2026-04-20 NATIONWIDE","Transfers","Transfers","CA Nationwide","N/A","N/A",""
"2026-04-20",-132.25,"Payment to SELECT CREDIT CARD 073012 00001604 2026-04-20 489396******2001","Credit card payments","Transfers","CA Nationwide","N/A","N/A",""
"2026-04-20",-960,"Payment to MORTGAGE 070094 44444445 2026-04-20 73388659232","Mortgages","Repayments","CA Nationwide","N/A","N/A",""
"2026-04-20",-4000,"ALISTAIR MACNAIR 400000001757310774","Transfers","Transfers","CA BoS ","N/A","N/A",""
"2026-04-20",132.25,"PAYMENT RECEIVED -- THANK YOU","Credit card payments","Transfers","NW Credit Card","N/A","N/A",""
"2026-04-20",-4.8,"CO-OP GROUP FOOD BLAIRGOWRIE","Groceries","Shopping","NW Credit Card","N/A","N/A",""
"2026-04-19",-16,"TV.ELITELEAGUE.CO.UK BELFAST","Ice Hockey","Entertainment","NW Credit Card","N/A","N/A",""
"2026-04-19",-11.95,"Amazon.co.uk*NZ3J37ON4 AMAZON.CO.UK","General merchandise","Shopping","NW Credit Card","N/A","N/A",""
"2026-04-19",-43.62,"Amazon.co.uk*NZ14X9OB4 AMAZON.CO.UK","General merchandise","Shopping","NW Credit Card","N/A","N/A",""
"2026-04-19",-2,"CO-OP GROUP FOOD BLAIRGOWRIE","Groceries","Shopping","NW Credit Card","N/A","N/A",""
"2026-04-18",-20,"ATM Withdrawal LINK 2026-04-18","Take Away","Entertainment","CA Nationwide","N/A","N/A",""
"2026-04-18",-16,"TV.ELITELEAGUE.CO.UK BELFAST","Ice Hockey","Entertainment","NW Credit Card","N/A","N/A",""
"2026-04-18",-16,"TV.ELITELEAGUE.CO.UK BELFAST","Ice Hockey","Entertainment","NW Credit Card","N/A","N/A",""
"2026-04-16",-33.98,"AMZNMktplace*NW0P285V4 amazon.co.uk","General merchandise","Shopping","NW Credit Card","N/A","N/A",""
"2026-04-16",-19.28,"Direct debit PAYPAL PAYMENT 609242 40317401 2026-04-16","Online services","Bills and utilities","CA Nationwide","N/A","N/A",""
"2026-04-15",-2000,"Visa purchase AJ BELL 2026-04-15","Investments","Transfers","CA Nationwide","N/A","N/A",""
"2026-04-15",-65.06,"Transfer to 071310 89031505 2026-04-14","Savings","Transfers","CA Nationwide","N/A","N/A",""
"2026-04-15",-4.84,"Direct debit KERRS DAIRY 162224 10135836 2026-04-15","Groceries","Shopping","CA Nationwide","N/A","N/A",""
"2026-04-14",2676.14,"EQUINITI SIP SALE 03289312","Salary","Income","CA BoS ","N/A","N/A",""
"2026-04-14",-2870,"ALISTAIR MACNAIR 500000001748921977","Transfers","Transfers","CA BoS ","N/A","N/A",""
"2026-04-14",2870,"Bank credit A MacNair 2026-04-14 NATIONWIDE","Transfers","Transfers","CA Nationwide","N/A","N/A",""
"2026-04-14",-1036.16,"Payment to SELECT CREDIT CARD 073012 00001604 2026-04-14 489396******2001","Credit card payments","Transfers","CA Nationwide","N/A","N/A",""
"2026-04-14",1036.16,"PAYMENT RECEIVED -- THANK YOU","Credit card payments","Transfers","NW Credit Card","N/A","N/A",""
"2026-04-14",-1.95,"SG*V*www.blossomup.co Santa Fe NM","Online services","Bills and utilities","NW Credit Card","N/A","N/A",""
"2026-04-13",-46.38,"Visa purchase TESCO PAYAT PUMP 4117 2026-04-12","Fuel","Transport","CA Nationwide","N/A","N/A",""
"2026-04-13",-3.15,"CO-OP GROUP FOOD BLAIRGOWRIE","Groceries","Shopping","NW Credit Card","N/A","N/A",""
"2026-04-13",-90.12,"GL *VCGTEE.COM 8559997840 UT USD 120.82 at 1.3406","Self","Entertainment","NW Credit Card","N/A","N/A",""
"2026-04-12",-5,"THE ALYTH GOLF CLUB BLAIRGOWRIE","Golf","Entertainment","NW Credit Card","N/A","N/A",""
"2026-04-11",-23.4,"JG *GLASGOW CHILDRENS LONDON","Charitable giving","Gifts and giving","NW Credit Card","N/A","N/A",""
"2026-04-11",-17,"TESCO STORES 5134 BLAIRGOWRIE","Groceries","Shopping","NW Credit Card","N/A","N/A",""
"2026-04-11",-200,"DVLA EVL WEB SWANSEA","Car running costs","Transport","NW Credit Card","N/A","N/A",""
"2026-04-10",-4.84,"Direct debit KERRS DAIRY 162224 10135836 2026-04-10","Groceries","Shopping","CA Nationwide","N/A","N/A",""
"2026-04-10",-37,"SP COZYLLIO COZYLLIO.COM CO","Self","Entertainment","NW Credit Card","N/A","N/A",""
"2026-04-09",-1.1,"SCOTMID COOP 0238 ALYTH","Groceries","Shopping","NW Credit Card","N/A","N/A",""
"2026-04-07",-11.99,"AMZNMktplace*NI9HY7OP4 amazon.co.uk","General merchandise","Shopping","NW Credit Card","N/A","N/A",""
"2026-04-07",-18.79,"Amazon.co.uk*NI0TG0OU4 AMAZON.CO.UK","General merchandise","Shopping","NW Credit Card","N/A","N/A",""
"2026-04-07",-24.35,"Direct debit AVIVA 400250 81392549 2026-04-07","Household insurance","Bills and utilities","CA Nationwide","N/A","N/A",""
"2026-04-07",-39.94,"Direct debit NATIONWIDE HOMEINS 400250 81344102 2026-04-07","Household insurance","Bills and utilities","CA Nationwide","N/A","N/A",""
"2026-04-07",-163.91,"Direct debit OCTOPUS ENERGY 162224 10135836 2026-04-07","Utilities","Bills and utilities","CA Nationwide","N/A","N/A",""
"2026-04-07",-118.98,"Amazon.co.uk*NI4A04ZR4 AMAZON.CO.UK","General merchandise","Shopping","NW Credit Card","N/A","N/A",""
"2026-04-07",-39.99,"Prime Video*NI38B8ZE4 amzn.uk/bill","Online services","Bills and utilities","NW Credit Card","N/A","N/A",""
"2026-04-07",-180,"TVLICENSING.CO.UK 3007906071","TV & internet","Bills and utilities","NW Credit Card","N/A","N/A",""
"2026-04-06",-57.5,"STRATHMORE GOLF CENTRE BLAIRGOWRIE","Entertainment","Entertainment","NW Credit Card","N/A","N/A",""
"2026-04-05",-1.2,"CO-OP GROUP FOOD BLAIRGOWRIE","Groceries","Shopping","NW Credit Card","N/A","N/A",""
"2026-04-05",-19.99,"Google YouTube London","Online services","Bills and utilities","NW Credit Card","N/A","N/A",""
"2026-04-03",-1740.65,"To mortgage a/c MR A MACNAIR 73388659232 2026-04-03","Mortgages","Repayments","CA Nationwide","N/A","N/A",""
"2026-04-02",-344.33,"Direct debit VWFS UK LIMITED 400250 11070959 2026-04-02","Car Loan","Transport","CA Nationwide","N/A","N/A",""
"2026-04-02",-8.95,"AMZNMktplace*NB0SN8X94 amazon.co.uk","June","Gifts and giving","NW Credit Card","N/A","N/A",""
"2026-04-02",-20.85,"ALYTH FISH BAR BLAIRGOWRIE","Take Away","Entertainment","NW Credit Card","N/A","N/A",""
"2026-04-01",-4.72,"Direct debit KERRS DAIRY 162224 10135836 2026-04-01","Groceries","Shopping","CA Nationwide","N/A","N/A",""
"2026-04-01",-32,"Direct debit VETSUCCESS LIMITED 560035 35557621 2026-04-01","Tanski","Gifts and giving","CA Nationwide","N/A","N/A",""
"2026-04-01",-232.76,"Direct debit PERTH&KINROSS CNCL 834700 11570174 2026-04-01","Council Tax","Bills and utilities","CA Nationwide","N/A","N/A",""
"2026-04-01",-13,"Payment to DIRECT SHINE 090129 30008102 2026-04-01 33 JAMIESON WAY","Home maintenance","Household","CA Nationwide","N/A","N/A",""
"2026-04-01",-11.99,"Amazon Music*NB7T27TC4 amazon.co.uk","Online services","Bills and utilities","NW Credit Card","N/A","N/A",""
"2026-03-31",-18,"Monthly Account Fee 2026-03-31","Service fees & bank charges","Bills and utilities","CA Nationwide","N/A","N/A",""
"2026-03-31",-50,"CENTRAL GARAGE (ALYTH) L BLAIRGOWRIE","Car running costs","Transport","NW Credit Card","N/A","N/A",""
"2026-03-30",-50,"Direct debit EE LIMITED 400250 41254987 2026-03-30","Telephone & mobile","Bills and utilities","CA Nationwide","N/A","N/A",""
"2026-03-30",-88.58,"Direct debit EE LTD 404170 60030457 2026-03-30","TV & internet","Bills and utilities","CA Nationwide","N/A","N/A",""
"2026-03-30",-6.8,"SCOTMID COOP 0238 ALYTH","Groceries","Shopping","NW Credit Card","N/A","N/A",""
"2026-03-29",-12.99,"AMZNMktplace*N23Y11774 amazon.co.uk","General merchandise","Shopping","NW Credit Card","N/A","N/A",""
"2026-03-29",-12,"SCOTMID COOP 0238 ALYTH","Groceries","Shopping","NW Credit Card","N/A","N/A",""
"2026-03-28",-323.96,"Payment to SELECT CREDIT CARD 073012 00001604 2026-03-28 489396******2001","Credit card payments","Transfers","CA Nationwide","N/A","N/A",""
"2026-03-28",-18.99,"Netflix London","Online services","Bills and utilities","NW Credit Card","N/A","N/A",""
"2026-03-28",323.96,"PAYMENT RECEIVED -- THANK YOU","Credit card payments","Transfers","NW Credit Card","N/A","N/A",""
"2026-03-28",-26.1,"TESCO STORES 5134 BLAIRGOWRIE","Groceries","Shopping","NW Credit Card","N/A","N/A",""
"2026-03-28",-58.36,"ASDA PETROL 4370 DUNDEE","Fuel","Transport","NW Credit Card","N/A","N/A",""
"2026-03-28",-3.59,"CO-OP GROUP FOOD BLAIRGOWRIE","Groceries","Shopping","NW Credit Card","N/A","N/A",""
"2026-03-27",-2000,"Transfer to Trading 212 Trading 212 via TrueLayer 2026-03-26","Savings","Transfers","CA Nationwide","N/A","N/A",""
"2026-03-27",-20,"SumUp *M WARD Dundee","Ice Hockey","Entertainment","NW Credit Card","N/A","N/A",""
"2026-03-26",5000,"Transfer from 071310 89031505 2026-03-26","Transfers","Transfers","CA Nationwide","N/A","N/A",""
"2026-03-26",-5000,"Transfer to Trading 212 Trading 212 via TrueLayer 2026-03-26","Savings","Transfers","CA Nationwide","N/A","N/A",""
"2026-03-26",2000,"Bank credit MRS J R MACNAIR 2026-03-26 CASH","Transfers","Transfers","CA Nationwide","N/A","N/A",""
"2026-03-26",-17.94,"CO-OP GROUP FOOD BLAIRGOWRIE","Groceries","Shopping","NW Credit Card","N/A","N/A",""
"2026-03-26",-58.6,"SKY TV 03442 414141","TV & internet","Bills and utilities","NW Credit Card","N/A","N/A",""
"2026-03-25",-4.72,"Direct debit KERRS DAIRY 162224 10135836 2026-03-25","Groceries","Shopping","CA Nationwide","N/A","N/A",""
"2026-03-25",-34.82,"Google Play Apps London","Online services","Bills and utilities","NW Credit Card","N/A","N/A",""
"2026-03-25",-8.8,"CO-OP GROUP FOOD BLAIRGOWRIE","Groceries","Shopping","NW Credit Card","N/A","N/A",""
"2026-03-24",-6.88,"AMZNMktplace*FU40G9WI5 amazon.co.uk","General merchandise","Shopping","NW Credit Card","N/A","N/A",""
"2026-03-24",-17.25,"ALYTH FISH BAR BLAIRGOWRIE","Take Away","Entertainment","NW Credit Card","N/A","N/A",""
"2026-03-24",-7.7,"NINEWELLS HOSPITAL M&S DUNDEE","Groceries","Shopping","NW Credit Card","N/A","N/A",""
"2026-03-24",-1.9,"CO-OP GROUP FOOD BLAIRGOWRIE","Groceries","Shopping","NW Credit Card","N/A","N/A",""
"2026-03-23",200,"Payment from A Macnair","Transfers","Transfers","ALISTAIR MACNAIR","N/A","N/A",""
"2026-03-23",170,"YOUNG DL DEVON      21MAR26 41160249341810000R DEVON      21MAR26,41160249341810000R","Ice Hockey","Entertainment","CA BoS ","N/A","N/A",""
"2026-03-23",-200,"ALISTAIR MACNAIR","Transfers","Transfers","CA BoS ","N/A","N/A",""
"2026-03-23",-4.2,"CO-OP GROUP FOOD BLAIRGOWRIE","Groceries","Shopping","NW Credit Card","N/A","N/A",""
"2026-03-22",-95.39,"AMAZON* 9Q8M32485 LONDON","Personal care","Health","NW Credit Card","N/A","N/A",""
"2026-03-21",-95,"Amazon Prime*3D9HU17Q5 amzn.co.uk/pm","Online services","Bills and utilities","NW Credit Card","N/A","N/A",""
"2026-03-21",-1.2,"CO-OP GROUP FOOD BLAIRGOWRIE","Groceries","Shopping","NW Credit Card","N/A","N/A",""
"2026-03-20",6421.17,"LLOYDS BANK PLC 80080374","Salary","Income","CA BoS ","N/A","N/A",""
"2026-03-20",6200,"Bank credit A MacNair 2026-03-20 NATIONWIDE","Transfers","Transfers","CA Nationwide","N/A","N/A",""
"2026-03-20",-1054.09,"Payment to SELECT CREDIT CARD 073012 00001604 2026-03-20 489396******2001","Credit card payments","Transfers","CA Nationwide","N/A","N/A",""
"2026-03-20",-500,"Payment to JUNE MACNAIR 089286 01419522 2026-03-20 ALISTAIR MACNAIR","June","Gifts and giving","CA Nationwide","N/A","N/A",""
"2026-03-20",-696.36,"Transfer to 071310 89031505 2026-03-20","Savings","Transfers","CA Nationwide","N/A","N/A",""
"2026-03-20",-6200,"ALISTAIR MACNAIR 100000001725562027","Transfers","Transfers","CA BoS ","N/A","N/A",""
"2026-03-20",1054.09,"PAYMENT RECEIVED -- THANK YOU","Credit card payments","Transfers","NW Credit Card","N/A","N/A",""
"2026-03-19",-22.58,"DAVIDSONS CHEMIST ALYTH","Healthcare","Health","NW Credit Card","N/A","N/A",""
"2026-03-19",-10.3,"CO-OP GROUP FOOD BLAIRGOWRIE","Groceries","Shopping","NW Credit Card","N/A","N/A",""
"2026-03-18",-4.72,"Direct debit KERRS DAIRY 162224 10135836 2026-03-18","Groceries","Shopping","CA Nationwide","N/A","N/A",""
"2026-03-18",-19.28,"Direct debit PAYPAL PAYMENT 609242 40317401 2026-03-18","Online services","Bills and utilities","CA Nationwide","N/A","N/A",""
"2026-03-18",-0.5,"CO-OP GROUP FOOD BLAIRGOWRIE","Groceries","Shopping","NW Credit Card","N/A","N/A",""
"2026-03-18",-19.7,"CO-OP GROUP FOOD BLAIRGOWRIE","Groceries","Shopping","NW Credit Card","N/A","N/A",""
"2026-03-16",-44,"Amazon.co.uk*S10410U25 AMAZON.CO.UK","General merchandise","Shopping","NW Credit Card","N/A","N/A",""
"2026-03-16",-40,"ATM Withdrawal LINK 2026-03-15","Take Away","Entertainment","CA Nationwide","N/A","N/A",""
"2026-03-16",-3.5,"CO-OP GROUP FOOD BLAIRGOWRIE","Groceries","Shopping","NW Credit Card","N/A","N/A",""
"2026-03-15",-9.89,"AMZNMktplace*0O41K7TH5 amazon.co.uk","General merchandise","Shopping","NW Credit Card","N/A","N/A",""
"2026-03-15",-13.45,"TESCO STORES 5134 BLAIRGOWRIE","Groceries","Shopping","NW Credit Card","N/A","N/A",""
"2026-03-15",-8.69,"CO-OP GROUP FOOD BLAIRGOWRIE","Groceries","Shopping","NW Credit Card","N/A","N/A",""
"2026-03-13",-14.49,"eBay O*19-14345-65810 INTERNET","June","Gifts and giving","NW Credit Card","N/A","N/A",""
"2026-03-13",-2.59,"WH Smith Ninewe Dundee","General merchandise","Shopping","NW Credit Card","N/A","N/A",""
"2026-03-13",-2.79,"WH Smith Ninewe Dundee","General merchandise","Shopping","NW Credit Card","N/A","N/A",""
"2026-03-12",-26.66,"Temu.com London","General merchandise","Shopping","NW Credit Card","N/A","N/A",""
"2026-03-12",-13.07,"WH Smith Ninewe Dundee","General merchandise","Shopping","NW Credit Card","N/A","N/A",""
"2026-03-12",-54.24,"ASDA PETROL 4370 DUNDEE","Fuel","Transport","NW Credit Card","N/A","N/A",""
"2026-03-12",-7.69,"ASDA STORES DUNDEE","Groceries","Shopping","NW Credit Card","N/A","N/A",""
"2026-03-11",-4.72,"Direct debit KERRS DAIRY 162224 10135836 2026-03-11","Groceries","Shopping","CA Nationwide","N/A","N/A",""
"2026-03-11",-18.41,"Temu.com London","General merchandise","Shopping","NW Credit Card","N/A","N/A",""
"2026-03-11",-12.9,"MARLEYS FAMILY RUN TAKEA BLAIRGOWRIE","Take Away","Entertainment","NW Credit Card","N/A","N/A",""
"2026-03-11",-4.7,"NINEWELLS HOSPITAL M&S DUNDEE","Groceries","Shopping","NW Credit Card","N/A","N/A",""
"2026-03-10",-8.97,"WH Smith Ninewe Dundee","General merchandise","Shopping","NW Credit Card","N/A","N/A",""
"2026-03-10",-8,"CO-OP GROUP FOOD BLAIRGOWRIE","Groceries","Shopping","NW Credit Card","N/A","N/A",""
"2026-03-10",-1,"CO OP MEMBERSHIP 08000686727","Groceries","Shopping","NW Credit Card","N/A","N/A",""
"2026-03-10",-65.82,"AMAZON* J32S62OO5 LONDON","June","Gifts and giving","NW Credit Card","N/A","N/A",""
"2026-03-08",-58.9,"TESCO PFS 4166 DUNDEE","Fuel","Transport","NW Credit Card","N/A","N/A",""
"2026-03-08",-3.4,"TESCO STORES 5745 DUNDEE","Groceries","Shopping","NW Credit Card","N/A","N/A",""
"2026-03-07",-20,"ATM Withdrawal RBS 2026-03-07","Take Away","Entertainment","CA Nationwide","N/A","N/A",""
"2026-03-07",-29.13,"Temu.com London","General merchandise","Shopping","NW Credit Card","N/A","N/A",""
"2026-03-07",-9.76,"Temu.com London","General merchandise","Shopping","NW Credit Card","N/A","N/A",""
"2026-03-07",-9.35,"GREENS OF BLAIRGOWRIE BLAIRGOWRIE","Groceries","Shopping","NW Credit Card","N/A","N/A",""
"2026-03-06",-3.59,"Google Play Apps London","Online services","Bills and utilities","NW Credit Card","N/A","N/A",""
"2026-03-06",-39.59,"Temu.com London","General merchandise","Shopping","NW Credit Card","N/A","N/A",""
"2026-03-06",-15.37,"Temu.com London","General merchandise","Shopping","NW Credit Card","N/A","N/A",""
"2026-03-06",-9.48,"FUNKY PIGEON BRISTOL","June","Gifts and giving","NW Credit Card","N/A","N/A",""
"2026-03-06",-9.74,"TESCO STORE 2389 DUNDEE","Groceries","Shopping","NW Credit Card","N/A","N/A",""
"2026-03-06",-99.99,"CURRYS ONLINE HEMEL HEMPSTE","General merchandise","Shopping","NW Credit Card","N/A","N/A",""
"2026-03-05",-9.45,"MARLEYS FAMILY RUN TAKEA BLAIRGOWRIE","Take Away","Entertainment","NW Credit Card","N/A","N/A",""
"2026-03-05",-19.99,"Google YouTube London","Online services","Bills and utilities","NW Credit Card","N/A","N/A",""
"2026-03-04",-13,"Payment to DIRECT SHINE 090129 30008102 2026-03-03 33 JAMIESON WAY","Home maintenance","Household","CA Nationwide","N/A","N/A",""
"2026-03-04",-4.72,"Direct debit KERRS DAIRY 162224 10135836 2026-03-04","Groceries","Shopping","CA Nationwide","N/A","N/A",""
"2026-03-03",-1740.65,"To mortgage a/c MR A MACNAIR 73388659232 2026-03-03","Mortgages","Repayments","CA Nationwide","N/A","N/A",""
"2026-03-03",-24.35,"Direct debit AVIVA 400250 81392549 2026-03-03","Household insurance","Bills and utilities","CA Nationwide","N/A","N/A",""
"2026-03-03",-39.94,"Direct debit NATIONWIDE HOMEINS 400250 81344102 2026-03-03","Household insurance","Bills and utilities","CA Nationwide","N/A","N/A",""
"2026-03-03",-163.91,"Direct debit OCTOPUS ENERGY 162224 10135836 2026-03-03","Utilities","Bills and utilities","CA Nationwide","N/A","N/A",""
"2026-03-03",-5,"6932 - FOUNTAIN PARK - EDEDINBURGH","Parking","Business","NW Credit Card","N/A","N/A",""
"2026-03-03",-7.1,"SumUp *Hanks Sandwich Edinburgh","Lunch at Work","Business","NW Credit Card","N/A","N/A",""
"2026-03-03",-6.14,"LBG CITYMARK EDINBURGH","Lunch at Work","Business","NW Credit Card","N/A","N/A",""
"2026-03-03",-10.2,"ALYTH FISH BAR BLAIRGOWRIE","Take Away","Entertainment","NW Credit Card","N/A","N/A",""
"2026-03-03",-1.35,"CO-OP GROUP FOOD BLAIRGOWRIE","Groceries","Shopping","NW Credit Card","N/A","N/A",""
"2026-03-02",-32,"Direct debit VETSUCCESS LIMITED 560035 35557621 2026-03-02","Tanski","Gifts and giving","CA Nationwide","N/A","N/A",""
"2026-03-02",-50,"Direct debit EE LIMITED 400250 41254987 2026-03-02","Telephone & mobile","Bills and utilities","CA Nationwide","N/A","N/A",""
"2026-03-02",-88.58,"Direct debit EE LTD 404170 60030457 2026-03-02","TV & internet","Bills and utilities","CA Nationwide","N/A","N/A",""
"2026-03-02",-344.33,"Direct debit VWFS UK LIMITED 400250 11070959 2026-03-02","Car Loan","Transport","CA Nationwide","N/A","N/A",""
"2026-03-02",-15.01,"Temu.com London","General merchandise","Shopping","NW Credit Card","N/A","N/A",""
"2026-03-02",-5,"6932 - FOUNTAIN PARK - EDEDINBURGH","Parking","Business","NW Credit Card","N/A","N/A",""
"2026-03-02",-7.74,"LBG CITYMARK EDINBURGH","Lunch at Work","Business","NW Credit Card","N/A","N/A",""
"2026-03-02",-54.38,"SAINSBURYS SPMRKTS MURRAYFIELD 1","Fuel","Transport","NW Credit Card","N/A","N/A",""
"2026-03-02",-4.1,"CO-OP GROUP FOOD BLAIRGOWRIE","Groceries","Shopping","NW Credit Card","N/A","N/A",""
"2026-03-01",-10.99,"Amazon Music*BN0MX6BJ5 amazon.co.uk","Online services","Bills and utilities","NW Credit Card","N/A","N/A",""
"2026-03-01",-2.85,"SCOTMID COOP 0238 ALYTH","Groceries","Shopping","NW Credit Card","N/A","N/A",""
"2026-02-28",-18,"Monthly Account Fee 2026-02-28","Service fees & bank charges","Bills and utilities","CA Nationwide","N/A","N/A",""
"2026-02-28",-18.99,"Netflix London","Online services","Bills and utilities","NW Credit Card","N/A","N/A",""
"2026-02-28",-25.98,"AMAZON* 1569S5G85 LONDON","General merchandise","Shopping","NW Credit Card","N/A","N/A",""
"2026-02-26",-58.6,"SKY TV 03442 414141","TV & internet","Bills and utilities","NW Credit Card","N/A","N/A",""
"2026-02-25",-4.72,"Direct debit KERRS DAIRY 162224 10135836","Groceries","Shopping","CA Nationwide","N/A","N/A",""
"2026-02-24",-5,"6932 - FOUNTAIN PARK - EDEDINBURGH","Parking","Business","NW Credit Card","N/A","N/A",""
"2026-02-24",-12.99,"AMZNMktplace*0N95N5FA5 amazon.co.uk","General merchandise","Shopping","NW Credit Card","N/A","N/A",""
"2026-02-24",-5.84,"LBG CITYMARK EDINBURGH","Lunch at Work","Business","NW Credit Card","N/A","N/A",""
"2026-02-23",200,"Payment from A Macnair","Transfers","Transfers","ALISTAIR MACNAIR","N/A","N/A",""
"2026-02-23",-200,"ALISTAIR MACNAIR","Transfers","Transfers","CA BoS ","N/A","N/A",""
"2026-02-23",-5,"6932 - FOUNTAIN PARK - EDEDINBURGH","Parking","Business","NW Credit Card","N/A","N/A",""
"2026-02-23",-6.94,"LBG CITYMARK EDINBURGH","Lunch at Work","Business","NW Credit Card","N/A","N/A",""
"2026-02-23",-51.54,"SAINSBURYS SPMRKTS MURRAYFIELD 1","Fuel","Transport","NW Credit Card","N/A","N/A",""
"2026-02-21",-50,"P&TR EDIN BLCN (E EDINBURGH","Travel","Transport","NW Credit Card","N/A","N/A",""
"2026-02-21",-5,"Zettle_*Leisure & CultureDUNDEE","Ice Hockey","Entertainment","NW Credit Card","N/A","N/A",""
"2026-02-20",4160.73,"LLOYDS BANK PLC 80070053","Salary","Income","CA BoS ","N/A","N/A",""
"2026-02-20",-3960,"ALISTAIR MACNAIR 500000001718737207","Transfers","Transfers","CA BoS ","N/A","N/A",""
"2026-02-20",3960,"Bank credit A MacNair NATIONWIDE","Transfers","Transfers","CA Nationwide","N/A","N/A",""
"2026-02-20",-891.86,"Payment to SELECT CREDIT CARD 073012 00001604","Credit card payments","Transfers","CA Nationwide","N/A","N/A",""
"2026-02-20",-450,"Transfer to 071310 89031505","Savings","Transfers","CA Nationwide","N/A","N/A",""
"2026-02-20",891.86,"PAYMENT RECEIVED -- THANK YOU","Credit card payments","Transfers","NW Credit Card","N/A","N/A",""
"2026-02-20",-9.7,"SCOTMID COOP 0238 ALYTH","Groceries","Shopping","NW Credit Card","N/A","N/A",""
"2026-02-20",-6.6,"SCOTMID COOP 0238 ALYTH","Groceries","Shopping","NW Credit Card","N/A","N/A",""
"2026-02-19",-3.25,"CO-OP GROUP FOOD BLAIRGOWRIE","Groceries","Shopping","NW Credit Card","N/A","N/A",""
"2026-02-18",-4.72,"Direct debit KERRS DAIRY 162224 10135836","Groceries","Shopping","CA Nationwide","N/A","N/A",""
"2026-02-18",-19.28,"Direct debit PAYPAL PAYMENT 609242 40317401","Online services","Bills and utilities","CA Nationwide","N/A","N/A",""
"2026-02-18",-28.41,"SP THE HAPPY LAWN CO LOUGHBOROUGH","Garden","Household","NW Credit Card","N/A","N/A",""
"2026-02-18",-14.4,"SP ISLAND LARDER LTD LERWICK","Samantha","Gifts and giving","NW Credit Card","N/A","N/A",""
"2026-02-18",-12.45,"B & Q 1223 DUNDEE","Home improvement","Household","NW Credit Card","N/A","N/A",""
"2026-02-17",-5,"6932 - FOUNTAIN PARK - EDEDINBURGH","Parking","Business","NW Credit Card","N/A","N/A",""
"2026-02-17",-2.95,"SCOTMID COOP 0403 FOUNTAINBRIDG","Groceries","Shopping","NW Credit Card","N/A","N/A",""
"2026-02-17",-12.55,"ALYTH FISH BAR BLAIRGOWRIE","Take Away","Entertainment","NW Credit Card","N/A","N/A",""
"2026-02-17",-5.84,"LBG CITYMARK EDINBURGH","Lunch at Work","Business","NW Credit Card","N/A","N/A",""
"2026-02-16",-40,"ATM Withdrawal LINK 2026-02-15","Take Away","Entertainment","CA Nationwide","N/A","N/A",""
"2026-02-16",-5,"6932 - FOUNTAIN PARK - EDEDINBURGH","Parking","Business","NW Credit Card","N/A","N/A",""
"2026-02-16",-6.94,"LBG CITYMARK EDINBURGH","Lunch at Work","Business","NW Credit Card","N/A","N/A",""
"2026-02-16",-54.55,"SAINSBURYS SPMRKTS MURRAYFIELD 1","Fuel","Transport","NW Credit Card","N/A","N/A",""
"2026-02-15",-9.1,"NL Catering 2 Dundee Dundee","Take Away","Entertainment","NW Credit Card","N/A","N/A",""
"2026-02-15",-39,"B&Q LTD EASTLEIGH","Home improvement","Household","NW Credit Card","N/A","N/A",""
"2026-02-14",-12.9,"MARLEYS FAMILY RUN TAKEA BLAIRGOWRIE","Take Away","Entertainment","NW Credit Card","N/A","N/A",""
"2026-02-14",-13.86,"GREENS OF BLAIRGOWRIE BLAIRGOWRIE","Groceries","Shopping","NW Credit Card","N/A","N/A",""
"2026-02-12",-76.99,"Direct debit PAYPAL PAYMENT 609242 40317401","June","Gifts and giving","CA Nationwide","N/A","N/A",""
"2026-02-12",-7.1,"CO-OP GROUP FOOD BLAIRGOWRIE","Groceries","Shopping","NW Credit Card","N/A","N/A",""
"2026-02-11",-4.72,"Direct debit KERRS DAIRY 162224 10135836","Groceries","Shopping","CA Nationwide","N/A","N/A",""
"2026-02-10",-5,"6932 - FOUNTAIN PARK - EDEDINBURGH","Parking","Business","NW Credit Card","N/A","N/A",""
"2026-02-10",-7.41,"LBG CITYMARK EDINBURGH","Lunch at Work","Business","NW Credit Card","N/A","N/A",""
"2026-02-09",-14.48,"AMZNMktplace*BQ6DC6IX5 amazon.co.uk","June","Gifts and giving","NW Credit Card","N/A","N/A",""
"2026-02-09",-6.65,"TESCO STORES 6183 .EDINBURGH","Office costs","Business","NW Credit Card","N/A","N/A",""
"2026-02-09",-53.46,"SAINSBURYS SPMRKTS MURRAYFIELD 1","Fuel","Transport","NW Credit Card","N/A","N/A",""
"2026-02-09",-6.43,"LBG CITYMARK EDINBURGH","Lunch at Work","Business","NW Credit Card","N/A","N/A",""
"2026-02-09",-5,"6932 - FOUNTAIN PARK - EDEDINBURGH","Parking","Business","NW Credit Card","N/A","N/A",""
"2026-02-08",-58,"AMAZON UK* FG49I6AA5 LONDON","June","Gifts and giving","NW Credit Card","N/A","N/A",""
"2026-02-07",-28.57,"BAYNES FAMILY BAKERS PERTH","Eating out","Entertainment","NW Credit Card","N/A","N/A",""
"2026-02-07",-4.5,"WICKES PERTH PERTH","Home improvement","Household","NW Credit Card","N/A","N/A",""
"2026-02-07",-6.5,"Zettle_*Leisure & CultureDUNDEE","Ice Hockey","Entertainment","NW Credit Card","N/A","N/A",""
"2026-02-06",-9.45,"MARLEYS FAMILY RUN TAKEA BLAIRGOWRIE","Take Away","Entertainment","NW Credit Card","N/A","N/A",""
"2026-02-05",-13,"Payment to DIRECT SHINE 090129 30008102","Home maintenance","Household","CA Nationwide","N/A","N/A",""
"2026-02-05",-29.99,"AMZNMktplace*AS4O140V5 amazon.co.uk","Garden","Household","NW Credit Card","N/A","N/A",""
"2026-02-05",-19.99,"Google YouTube London","Online services","Bills and utilities","NW Credit Card","N/A","N/A",""
"2026-02-04",-4.72,"Direct debit KERRS DAIRY 162224 10135836","Groceries","Shopping","CA Nationwide","N/A","N/A",""
"2026-02-04",-13.94,"Google Play Apps London","Online services","Bills and utilities","NW Credit Card","N/A","N/A",""
"2026-02-03",-1740.65,"To mortgage a/c MR A MACNAIR 73388659232","Mortgages","Repayments","CA Nationwide","N/A","N/A",""
"2026-02-03",-24.35,"Direct debit AVIVA 400250 81392549","Household insurance","Bills and utilities","CA Nationwide","N/A","N/A",""
"2026-02-03",-39.94,"Direct debit NATIONWIDE HOMEINS 400250 81344102","Household insurance","Bills and utilities","CA Nationwide","N/A","N/A",""
"2026-02-03",-163.91,"Direct debit OCTOPUS ENERGY 162224 10135836","Utilities","Bills and utilities","CA Nationwide","N/A","N/A",""
"2026-02-03",-12.49,"PETS AT HOME LTD CRAIGLEITH","Tanski","Gifts and giving","NW Credit Card","N/A","N/A",""
"2026-02-03",-5,"6932 - FOUNTAIN PARK - EDEDINBURGH","Parking","Business","NW Credit Card","N/A","N/A",""
"2026-02-03",-7.74,"LBG CITYMARK EDINBURGH","Lunch at Work","Business","NW Credit Card","N/A","N/A",""
"2026-02-03",-61.37,"SAINSBURYS PETROL BLACKHALL","Fuel","Transport","NW Credit Card","N/A","N/A",""
"2026-02-02",-32,"Direct debit VETSUCCESS LIMITED 560035 35557621","Tanski","Gifts and giving","CA Nationwide","N/A","N/A",""
"2026-02-02",-344.33,"Direct debit VWFS UK LIMITED 400250 11070959","Car Loan","Transport","CA Nationwide","N/A","N/A",""
"2026-02-02",-5,"6932 - FOUNTAIN PARK - EDEDINBURGH","Parking","Business","NW Credit Card","N/A","N/A",""
"2026-02-02",-7.27,"LBG CITYMARK EDINBURGH","Lunch at Work","Business","NW Credit Card","N/A","N/A",""
"2026-02-01",-120,"To Ice Sport (dundee) Ltd","Ice Hockey","Entertainment","ALISTAIR MACNAIR","N/A","N/A",""
"2026-02-01",-10.99,"Amazon Music*VY4QW8QQ5 amazon.co.uk","Online services","Bills and utilities","NW Credit Card","N/A","N/A",""
"2026-01-31",-40,"ATM Withdrawal LINK","Take Away","Entertainment","CA Nationwide","N/A","N/A",""
"2026-01-31",-18,"Monthly Account Fee","Service fees & bank charges","Bills and utilities","CA Nationwide","N/A","N/A",""
"2026-01-30",-68.71,"Direct debit EE LTD 404170 60030457","TV & internet","Bills and utilities","CA Nationwide","N/A","N/A",""
"2026-01-29",-45,"P & K IP PERTH NW","Garden","Household","NW Credit Card","N/A","N/A",""
"2026-01-28",-4.72,"Direct debit KERRS DAIRY 162224 10135836","Groceries","Shopping","CA Nationwide","N/A","N/A",""
"2026-01-28",-50,"Direct debit EE LIMITED 400250 41254987","Telephone & mobile","Bills and utilities","CA Nationwide","N/A","N/A",""
"2026-01-28",-18.99,"Netflix London","Online services","Bills and utilities","NW Credit Card","N/A","N/A",""
"2026-01-27",-5,"6932 - FOUNTAIN PARK - EDEDINBURGH","Parking","Business","NW Credit Card","N/A","N/A",""
"2026-01-27",-7.74,"LBG CITYMARK EDINBURGH","Lunch at Work","Business","NW Credit Card","N/A","N/A",""
"2026-01-27",-46.77,"SAINSBURYS SPMRKTS MURRAYFIELD 1","Fuel","Transport","NW Credit Card","N/A","N/A",""
"2026-01-26",-5,"6932 - FOUNTAIN PARK - EDEDINBURGH","Ice Hockey","Entertainment","NW Credit Card","N/A","N/A",""
"2026-01-26",-7.27,"LBG CITYMARK EDINBURGH","Lunch at Work","Business","NW Credit Card","N/A","N/A",""
"2026-01-26",-57.34,"SKY TV 03442 414141","TV & internet","Bills and utilities","NW Credit Card","N/A","N/A",""
"2026-01-25",-5,"Zettle_*Leisure & CultureDUNDEE","Ice Hockey","Entertainment","NW Credit Card","N/A","N/A",""
"2026-01-23",-24.01,"Direct debit PAYPAL PAYMENT 609242 40317401","Online services","Bills and utilities","CA Nationwide","N/A","N/A",""
"2026-01-21",200,"Payment from A Macnair","Transfers","Transfers","ALISTAIR MACNAIR","N/A","N/A",""
"2026-01-21",-200,"ALISTAIR MACNAIR","Transfers","Transfers","CA BoS ","N/A","N/A",""
"2026-01-21",-4.72,"Direct debit KERRS DAIRY 162224 10135836","Groceries","Shopping","CA Nationwide","N/A","N/A",""
"2026-01-21",-750,"Transfer to 071310 89031505","Savings","Transfers","CA Nationwide","N/A","N/A",""
"2026-01-21",-12,"MARLEYS FAMILY RUN TAKEA BLAIRGOWRIE","Take Away","Entertainment","NW Credit Card","N/A","N/A",""
"2026-01-20",4160.27,"LLOYDS BANK PLC 80067316","Salary","Income","CA BoS ","N/A","N/A",""
"2026-01-20",3980,"Bank credit A MacNair NATIONWIDE","Transfers","Transfers","CA Nationwide","N/A","N/A",""
"2026-01-20",-361.62,"Payment to SELECT CREDIT CARD 073012 00001604","Credit card payments","Transfers","CA Nationwide","N/A","N/A",""
"2026-01-20",-3980,"ALISTAIR MACNAIR 100000001692405926","Transfers","Transfers","CA BoS ","N/A","N/A",""
"2026-01-20",361.62,"PAYMENT RECEIVED -- THANK YOU","Credit card payments","Transfers","NW Credit Card","N/A","N/A",""
"2026-01-20",-5,"6932 - FOUNTAIN PARK - EDEDINBURGH","Parking","Business","NW Credit Card","N/A","N/A",""
"2026-01-20",-7.74,"LBG CITYMARK EDINBURGH","Lunch at Work","Business","NW Credit Card","N/A","N/A",""
"2026-01-20",-43.47,"SAINSBURYS SPMRKTS MURRAYFIELD 1","Fuel","Transport","NW Credit Card","N/A","N/A",""
"2026-01-19",-3.99,"AMZNMktplace*UZ2PE0K15 amazon.co.uk","General merchandise","Shopping","NW Credit Card","N/A","N/A",""
"2026-01-19",-5,"6932 - FOUNTAIN PARK - EDEDINBURGH","Parking","Business","NW Credit Card","N/A","N/A",""
"2026-01-19",-7.27,"LBG CITYMARK EDINBURGH","Lunch at Work","Business","NW Credit Card","N/A","N/A",""
"2026-01-18",-28.75,"AMZNMktplace*QN27H0AM5 amazon.co.uk","General merchandise","Shopping","NW Credit Card","N/A","N/A",""
"2026-01-17",-40,"SCREWFIX DIRECT WWW.SCREWFIX.","Home improvement","Household","NW Credit Card","N/A","N/A",""
"2026-01-17",-17,"WWW.DUNDEESTARS.COM EDINBURGH","Ice Hockey","Entertainment","NW Credit Card","N/A","N/A",""
"2026-01-16",-19.28,"Direct debit PAYPAL PAYMENT 609242 40317401","Online services","Bills and utilities","CA Nationwide","N/A","N/A",""
"2026-01-15",-45,"BEEFEATER 41012305 DUNDEE","Eating out","Entertainment","NW Credit Card","N/A","N/A",""
"2026-01-14",-4.72,"Direct debit KERRS DAIRY 162224 10135836","Groceries","Shopping","CA Nationwide","N/A","N/A",""
"2026-01-14",-30.32,"Direct debit PAYPAL PAYMENT 609242 40317401","Online services","Bills and utilities","CA Nationwide","N/A","N/A",""
"2026-01-14",-49.34,"TESCO PFS 4117 BLAIRGOWRIE","Fuel","Transport","NW Credit Card","N/A","N/A",""
"2026-01-13",-5,"6932 - FOUNTAIN PARK - EDEDINBURGH","Parking","Business","NW Credit Card","N/A","N/A",""
"2026-01-13",-4.98,"LBG CITYMARK EDINBURGH","Lunch at Work","Business","NW Credit Card","N/A","N/A",""
"2026-01-12",-47.62,"Visa purchase TESCO PAYAT PUMP 4117","Fuel","Transport","CA Nationwide","N/A","N/A",""
"2026-01-12",-13,"Payment to DIRECT SHINE 090129 30008102","Home maintenance","Household","CA Nationwide","N/A","N/A",""
"2026-01-12",-5,"6932 - FOUNTAIN PARK - EDEDINBURGH","Parking","Business","NW Credit Card","N/A","N/A",""
"2026-01-12",-6.58,"LBG CITYMARK EDINBURGH","Lunch at Work","Business","NW Credit Card","N/A","N/A",""
"2026-01-11",-10,"SumUp *M WARD Dundee","Ice Hockey","Entertainment","NW Credit Card","N/A","N/A",""
"2026-01-11",-5,"ZETTLE_*LEISURE CULT DUNDEE","Ice Hockey","Entertainment","NW Credit Card","N/A","N/A",""
"2026-01-08",-15.35,"Google Play Apps London","Online services","Bills and utilities","NW Credit Card","N/A","N/A",""
"2026-01-07",-4.72,"Direct debit KERRS DAIRY 162224 10135836","Groceries","Shopping","CA Nationwide","N/A","N/A",""
"2026-01-06",-5.99,"AMZNMktplace*ZC54773S4 amazon.co.uk","General merchandise","Shopping","NW Credit Card","N/A","N/A",""
"2026-01-06",-24.35,"Direct debit AVIVA 400250 81392549","Household insurance","Bills and utilities","CA Nationwide","N/A","N/A",""
"2026-01-06",-5,"6932 - FOUNTAIN PARK - EDEDINBURGH","Parking","Business","NW Credit Card","N/A","N/A",""
"2026-01-06",-1,"SCOTMID COOP 0403 FOUNTAINBRIDG","Groceries","Shopping","NW Credit Card","N/A","N/A",""
"2026-01-06",-1.49,"SCOTMID COOP 0246 COUPAR ANGUS","Groceries","Shopping","NW Credit Card","N/A","N/A",""
"2026-01-05",-39.94,"Direct debit NATIONWIDE HOMEINS 400250 81344102","Household insurance","Bills and utilities","CA Nationwide","N/A","N/A",""
"2026-01-05",-163.91,"Direct debit OCTOPUS ENERGY 162224 10135836","Utilities","Bills and utilities","CA Nationwide","N/A","N/A",""
"2026-01-05",-5,"6932 - FOUNTAIN PARK - EDEDINBURGH","Parking","Business","NW Credit Card","N/A","N/A",""
"2026-01-05",-24.15,"Amazon.co.uk*ZC14T3CU4 AMAZON.CO.UK","Tanski","Gifts and giving","NW Credit Card","N/A","N/A",""
"2026-01-05",-3.03,"LBG CITYMARK EDINBURGH","Lunch at Work","Business","NW Credit Card","N/A","N/A",""
"2026-01-05",-19.99,"Google YouTube London","Online services","Bills and utilities","NW Credit Card","N/A","N/A",""
"2026-01-04",-10,"SumUp *M WARD Dundee","Ice Hockey","Entertainment","NW Credit Card","N/A","N/A",""
"2026-01-04",-48.97,"ASDA PETROL 4370 DUNDEE","Fuel","Transport","NW Credit Card","N/A","N/A",""
"2026-01-04",-5,"ZETTLE_*LEISURE CULT DUNDEE","Ice Hockey","Entertainment","NW Credit Card","N/A","N/A",""
"2026-01-03",-1740.65,"To mortgage a/c MR A MACNAIR 73388659232","Mortgages","Repayments","CA Nationwide","N/A","N/A",""
"2026-01-03",-319.86,"Payment to SELECT CREDIT CARD 073012 00001604","Credit card payments","Transfers","CA Nationwide","N/A","N/A",""
"2026-01-03",319.86,"PAYMENT RECEIVED -- THANK YOU","Credit card payments","Transfers","NW Credit Card","N/A","N/A",""
"2026-01-02",-32,"Direct debit VETSUCCESS LIMITED 560035 35557621","Tanski","Gifts and giving","CA Nationwide","N/A","N/A",""
"2026-01-02",-213.7,"Direct debit PERTH&KINROSS CNCL 834700 11570174","Council Tax","Bills and utilities","CA Nationwide","N/A","N/A",""
"2026-01-02",-344.33,"Direct debit VWFS UK LIMITED 400250 11070959","Car Loan","Transport","CA Nationwide","N/A","N/A",""
"2026-01-01",-120,"To Ice Sport (dundee) Ltd","Ice Hockey","Entertainment","ALISTAIR MACNAIR","N/A","N/A",""
"2026-01-01",-10.99,"Amazon Music*ZG7HQ2JO4 amazon.co.uk","Online services","Bills and utilities","NW Credit Card","N/A","N/A",""